center_lat,center_lon,northeast_lat,northeast_lon,southwest_lat,southwest_lon,place_id
46.0854763,-118.2503954,46.08741313029149,-118.2492344697085,46.0847151697085,-118.2519324302915,ChIJb21eb2cVolQRY6JGmq_XmwA
44.8338589,-123.0471169,44.8351954302915,-123.0451484,44.8324974697085,-123.0530224,ChIJm-BEGj4GwFQRQz0MEeIFSLM
44.63926070000001,-123.0940026,44.6406518302915,-123.0924905197085,44.6379538697085,-123.0951884802915,ChIJ6QmAe3sVwFQR7KVJoo1dw3k
45.21157729999999,-123.1901348,45.2128524302915,-123.1887851197085,45.2101544697085,-123.1914830802915,ChIJQeW2X8JIlVQR_36_D7DaRyw
45.444671,-123.0610661,45.44597333029149,-123.0596676197085,45.4432753697085,-123.0623655802915,ChIJPyUzT_0WlVQRPplhbRhoBv8
45.2101607,-123.1918213,45.21143848029149,-123.1904691197085,45.20874051970849,-123.1931670802915,ChIJsQUl8WI4lVQRH7c1h2mlyxs
43.1265293,-123.410891,43.1277555802915,-123.4096288697085,43.1250576197085,-123.4123268302915,ChIJFxlq4W45xFQRofB1FANAgqA
46.51239309999999,-120.4494989,46.51408013029149,-120.44865395,46.51138216970849,-120.45203375,ChIJ6zX2Hy5-l1QRa3iXwQVTJ9w
43.0629009,-123.365396,43.0636013302915,-123.3641883697085,43.06090336970851,-123.3668863302915,ChIJAQxfzZU3xFQRs5T84y869vA
45.2871867,-122.8724372,45.2886289802915,-122.8712333197085,45.2859310197085,-122.8739312802915,ChIJyeLEWHhplVQRw5DFl7OPtwg
43.2113549,-123.3464928,43.21256873029149,-123.3452711697085,43.2098707697085,-123.3479691302915,ChIJsUP3Td8ixFQRyE51ASKNrd0
45.73647949999999,-121.6023955,45.7378365802915,-121.6009608697085,45.7351386197085,-121.6036588302915,ChIJnWx_ltkNllQRk6RidCeS5gc
46.0504766,-118.457516,46.0518193802915,-118.4561860197085,46.0491214197085,-118.4588839802915,ChIJdTHtN0xoolQRyRlSR_TQfUE
46.0666361,-118.340063,46.06791578029149,-118.3386456697085,46.06521781970849,-118.3413436302915,ChIJ4095b2NqolQRxrFhC01pB64
45.9529381,-118.3820919,45.95428718029149,-118.3806965697085,45.9515892197085,-118.3833945302915,ChIJoa66NRlFolQRl-EO1VCC_ns
45.71811499999999,-121.3319,45.71934523029149,-121.3301934697085,45.7166472697085,-121.3328914302915,ChIJ5atICDUXllQRd8-GQswUDwg
44.9570853,-123.1521693,44.9580272802915,-123.15088855,44.9553293197085,-123.15601155,ChIJ0Wg7T5yq6lQRJKYZZfiLfNY
46.0522459,-118.4602725,46.0533222802915,-118.4587795697085,46.0506243197085,-118.4614775302915,ChIJ0_2r7k1oolQR3EUkoC5vw54
44.9117481,-122.9168774,44.9130969302915,-122.9157625697085,44.9103989697085,-122.9184605302915,ChIJmbBSk6n5v1QR07yEtlWVkVw
45.9295853,-118.4190786,45.9309342802915,-118.4177296197085,45.9282363197085,-118.4204275802915,ChIJKXmvGNFbolQRry1yKwYHNfM
45.3977141,-123.2641699,45.3988063802915,-123.26329005,45.3961084197085,-123.26680945,ChIJKcYu1Ws7lVQR0lNN1vEcQsA
43.972023,-123.140407,43.9736552802915,-123.1383938697085,43.9709573197085,-123.1410918302915,ChIJi4hP_iYZwVQRcu8TWGEHfyM
45.3294024,-122.9487838,45.3307508302915,-122.9477322697085,45.3280528697085,-122.9504302302915,ChIJMUDWR-9qlVQR2CU-88uF42A
46.5191572,-120.4461433,46.5201655802915,-120.4447967197085,46.5174676197085,-120.4474946802915,ChIJvy-5yi9-l1QRs5nK5lnK4xc
42.15375299999999,-123.046164,42.1555708802915,-123.0450796,42.1528729197085,-123.0494172,ChIJIT_AX-6Zz1QRQ3glF9XESEo
45.6334844,-121.5116874,45.6348171302915,-121.5103691197085,45.6321191697085,-121.5130670802915,ChIJG1BslP0FllQRMRc0KTybvYM
46.0161547,-118.386097,46.0175144302915,-118.3848783197085,46.0148164697085,-118.3875762802915,ChIJz3X720BColQRhE0GWDv9LRQ
45.6986621,-121.2840026,45.6999237802915,-121.2827220697085,45.6972258197085,-121.2854200302915,ChIJ06YF9-0ZllQRVNyo-yacRsE
45.8076459,-122.6288093,45.8095444302915,-122.6274718697085,45.8068464697085,-122.6301698302915,ChIJxfLDl7dMlFQRPoqA0PVrnEE
45.27882719999999,-123.0276541,45.2801788302915,-123.0261893197085,45.2774808697085,-123.0288872802915,ChIJ3xWHhsM_lVQRYmrdwLFC5jM
45.2762488,-123.0164412,45.2775986802915,-123.0152982697085,45.2749007197085,-123.0179962302915,ChIJ2cuinAQKlVQR4C_MDx0vag4
43.273947,-123.427194,43.2750655802915,-123.4253602697085,43.2723676197085,-123.4280582302915,ChIJCd7n49EZxFQRSrHlFYkrqxo
45.6081834,-122.9195239,45.6095364802915,-122.9178773697085,45.6068385197085,-122.9205753302915,ChIJpRiZbyQHlVQRHNAhH1oZFrU
44.959098,-123.132079,44.9604209302915,-123.1308409197085,44.9577229697085,-123.1335388802915,ChIJq6qqqub-v1QRl8iBghfYML8
45.2616612,-123.0671705,45.2629172802915,-123.0658618197085,45.2602193197085,-123.0685597802915,ChIJycscKsxGlVQRImdkggvMr0Y
46.0951908,-118.2609377,46.0966017802915,-118.2597020697085,46.0939038197085,-118.2624000302915,ChIJ0ZJoUMwVolQRsaaDZWe8JQo
45.2092622,-123.112176,45.2105229302915,-123.1109203697085,45.2078249697085,-123.1136183302915,ChIJHSsTIGM4lVQRZS9GSCYz2Ic
46.0674441,-118.3398067,46.0687769802915,-118.3385198697085,46.0660790197085,-118.3412178302915,ChIJCanQdGNqolQRty_7uchwZdY
43.61010530000001,-116.7729305,43.6113833302915,-116.7714164197085,43.6086853697085,-116.7741143802915,ChIJo94fKvPKr1QRU_IoqdcqWy0
45.2642835,-123.0471756,45.26561513029149,-123.0457097197085,45.2629171697085,-123.0484076802915,ChIJzad8yzBBlVQRjvK49bq4XIY
42.31570749999999,-123.2400702,42.3167650302915,-123.2390266697085,42.3140670697085,-123.2417246302915,ChIJTZcGrMeHz1QREdU4H-x6jXE
45.29535239999999,-123.1348772,45.2967291302915,-123.1337115197085,45.2940311697085,-123.1364094802915,ChIJTU2OG5w4lVQRrDuNGLmBUbM
45.40758599999999,-123.124291,45.40896488029149,-123.1228199197085,45.4062669197085,-123.1255178802915,ChIJW5AUu5M9lVQRDbXX8EHOEsw
45.95000569999999,-118.4262853,45.95138848029148,-118.4249078697085,45.94869051970849,-118.4276058302915,ChIJcVTsdKhcolQRKDsSfdYd22w
45.2937004,-123.1767604,45.29505203029149,-123.1755393697085,45.2923540697085,-123.1782373302915,ChIJUa7JFuU8lVQREp7TUm_IIME
45.340652,-123.014379,45.34200733029149,-123.0135513697085,45.3393093697085,-123.0162493302915,ChIJbbKZEVYVlVQRrl9UON9lJCs
45.3604858,-123.0727789,45.3618945802915,-123.0713122197085,45.3591966197085,-123.0740101802915,ChIJOaFw_TQ-lVQRNg0lh9Ww5Ak
45.5326737,-122.6919956,45.5340716302915,-122.6906863697085,45.53137366970851,-122.6933843302915,ChIJOdxWwY4NlVQRqwTEexRZfJo
45.3191583,-122.9492835,45.32050728029149,-122.9479345197085,45.31780931970849,-122.9506324802915,ChIJr9eKYPNqlVQRetgzB5Y3i-s
43.269371,-123.430937,43.2707243302915,-123.4292875697085,43.2680263697085,-123.4319855302915,ChIJn31aPdgZxFQRYjmzce2jTSI
45.0918325,-123.1122459,45.0931811302915,-123.1109228197085,45.09048316970851,-123.1136207802915,ChIJ0eUuQHhRlVQRARsCNSh7sGQ
45.34998009999999,-123.1318028,45.3513622802915,-123.1305101697085,45.3486643197085,-123.1332081302915,ChIJdd4A2-g-lVQRZln_CrWkt1A
45.299895,-122.969343,45.3012808302915,-122.9678621697085,45.2985828697085,-122.9705601302915,ChIJzS1-5tZBlVQRvSDGupP2WSU
43.9102606,-123.2507229,43.91160713029149,-123.2493791197085,43.9089091697085,-123.2520770802915,ChIJDyR7qr09wVQRKe0Oxvbk7S0
45.0738549,-123.0928219,45.0752039302915,-123.0914729697085,45.07250596970851,-123.0941709302915,ChIJP9i_97inlVQR0_c6AkZYtg4
45.3940333,-123.0371389,45.3953822802915,-123.0357908197085,45.3926843197085,-123.0384887802915,ChIJl0lEEscVlVQRQgTF018uAbA
44.0474614,-123.0918579,44.0489298302915,-123.0904413197085,44.0462318697085,-123.0931392802915,ChIJf25XQ8sfwVQRiOdAGOfk7B4
45.31458099999999,-122.9096222,45.3159282302915,-122.9079209197085,45.3132302697085,-122.9106188802915,ChIJD9vkzLJrlVQRqlHx68XS7fU
45.707775,-123.863922,45.7088581302915,-123.8622873697085,45.7061601697085,-123.8649853302915,ChIJGW7zUUrIlFQRZYJFdwXm7uA
42.2610851,-122.824971,42.2618698302915,-122.8236267697085,42.2591718697085,-122.8263247302915,ChIJt6GS7s92z1QR66BnUiLAP3w
45.3145624,-122.9205731,45.3159117302915,-122.9192942697085,45.3132137697085,-122.9219922302915,ChIJV1L9zVFqlVQRXTutScavZ2g
45.33280999999999,-122.9477427,45.33370808029149,-122.9463963697085,45.3310101197085,-122.9490943302915,ChIJvREHredqlVQRn02onu8R8CM
45.5191382,-122.6511493,45.5205859802915,-122.6498626197085,45.5178880197085,-122.6525605802915,ChIJZb21d6OglVQR6kGo7qXXazE
45.30019859999999,-123.18258,45.3012779802915,-123.1809553197085,45.2985800197085,-123.1836532802915,ChIJ2XWKFGA4lVQRoGxbp31lZjU
44.823603,-123.026965,44.8246300302915,-123.02621335,44.8219320697085,-123.02921995,ChIJqVN51pgIwFQRXgapVeN7LCQ
45.035018,-123.146932,45.03889355000003,-123.14579385,45.03372614999999,-123.15034645,ChIJ52LwnpxUlVQREOqFdOf56R4
46.09277059999999,-118.2715158,46.09406428029149,-118.2700601697085,46.09136631970849,-118.2727581302915,ChIJU3otJEkVolQResH9oAum1wo
44.93479230000001,-123.1069667,44.93602113029149,-123.1050466697085,44.93332316970849,-123.1077446302915,ChIJrWcAWigBwFQRpNXuw3xLJok
46.09240029999999,-118.271031,46.0938409802915,-118.2698588697085,46.0911430197085,-118.2725568302915,ChIJDSl2gwRqolQRNAjzRW4V77c
45.2480912,-123.0419207,45.2493232302915,-123.0404594697085,45.2466252697085,-123.0431574302915,ChIJI4eeVlMDwFQRc2NG5eeVjow
46.0918968,-118.271548,46.09334028029151,-118.2703842197085,46.09064231970851,-118.2730821802915,ChIJqRjEf0kVolQREEtSZ5rCuqM
45.3462643,-123.0324486,45.3476546802915,-123.0311282197085,45.34495671970851,-123.0338261802915,ChIJ_5MdCeA_lVQR6_ZAH9o00zw
45.6777516,-121.5923023,45.67909968029151,-121.5908816197085,45.67640171970851,-121.5935795802915,ChIJKdfJJckJllQRVZJ65ZVUMQA
45.03888429999999,-123.1578875,45.0401764302915,-123.15329195,45.0374784697085,-123.15941935,ChIJc9aFK2JTlVQRmkuBl4ATwt0
45.3587898,-123.0680202,45.3598566302915,-123.0665947197085,45.3571586697085,-123.0692926802915,ChIJc1bzomI_lVQRy7jPuyaltfA
45.4814169,-122.713349,45.4826449802915,-122.7120708197085,45.4799470197085,-122.7147687802915,ChIJL0YTXKQLlVQRkw7Wf46FexA
44.4175946,-119.1137732,44.4190203802915,-119.1124236197085,44.4163224197085,-119.1151215802915,ChIJDwtqWskJu1QR0mApf_vMths
45.2724729,-123.0161062,45.2738820302915,-123.0148917697085,45.2711840697085,-123.0175897302915,ChIJMfGHd50e7IARRYX0fQqugVc
46.087563,-118.279806,46.0888025302915,-118.2786129697085,46.0861045697085,-118.2813109302915,ChIJ4ZSprkEVolQRUCWw-KgbP_s
45.058595,-123.1054435,45.0600154802915,-123.1040115197085,45.0573175197085,-123.1067094802915,ChIJtw2z3_ZTlVQRAChCPaRISp8
42.182804,-123.010557,42.1841938802915,-123.0093384197085,42.1814959197085,-123.0120363802915,ChIJN7ztCt2bz1QRnC6ZMmvbyG0
45.2836286,-123.1070852,45.2849943802915,-123.1057007197085,45.2822964197085,-123.1083986802915,ChIJA1bMEThHlVQROhg2IK1M96g
43.2450036,-123.4219148,43.2463587302915,-123.4203726197085,43.2436607697085,-123.4230705802915,ChIJPY-bBPIXxFQRpGM20MBEjvQ
45.74255769999999,-119.1968165,45.74379893029149,-119.1954660697085,45.74110096970849,-119.1981640302915,ChIJg0Kbhxu5olQR6RnVzz1xp58
45.962039,-118.423948,45.96334253029151,-118.4225988697085,45.96064456970851,-118.4252968302915,ChIJR7tT2LJcolQRwfg3MovJtyk
44.2371023,-123.3640069,44.2385511302915,-123.3628593197085,44.23585316970851,-123.3655572802915,ChIJcYSHwo6qwVQRr1MNwzGcWmc
44.74311969999999,-123.2692585,44.7443897802915,-123.2679093697085,44.7416918197085,-123.2706073302915,ChIJ0X9UQFoXwFQRinOBT3psfNM
45.7091232,-121.5136313,45.71034333029149,-121.5122825197085,45.7076453697085,-121.5149804802915,ChIJbQswKW8OllQR0JuH6FTXfbM
44.3390076,-123.407949,44.34170985,-123.4059613197085,44.33810684999999,-123.4086592802915,ChIJ27d2ot1SwFQRqdl42-nP7IA
42.2379433,-123.1074168,42.2391758802915,-123.1061803197085,42.2364779197085,-123.1088782802915,ChIJdTQ1H9mEz1QRZiFCG14yfaA
45.5207785,-122.6824491,45.5220801802915,-122.6813069197085,45.5193822197085,-122.6840048802915,ChIJkXE8YQMKlVQRGDahz6PSUPo
45.4909092,-121.584865,45.49183353029149,-121.5835035697085,45.48913556970849,-121.5862015302915,ChIJg1qHph__lVQRso6rCqW2DzQ
44.819429,-123.081269,44.82035673029149,-123.0802835197085,44.81765876970849,-123.0829814802915,ChIJQ-q0Y_AFwFQRUKBaxxj1QXk
44.2525999,-123.357339,44.25390793029149,-123.3558548197085,44.2512099697085,-123.3585527802915,ChIJN8t-U-qqwVQRzqB7-njzzxw
45.3000715,-122.623914,45.3013385802915,-122.6225560697085,45.2986406197085,-122.6252540302915,ChIJy7gJV3BwlVQRIxiZ0HePMbQ
46.016914,-118.3830925,46.0182628302915,-118.3819245697085,46.0155648697085,-118.3846225302915,ChIJ6wvtQJlDolQRo3mXMMFK8MU
45.9989441,-118.3672369,46.00039008029149,-118.3659124197085,45.9976921197085,-118.3686103802915,ChIJ-9G5FrpDolQRdju0bfr0ckk
45.364332,-123.079328,45.36560178029151,-123.0782043697085,45.36290381970851,-123.0809023302915,ChIJGQaG6Ts_lVQRw4hACaajD8M
44.82778169999999,-123.0123551,44.8291171802915,-123.0110208197085,44.8264192197085,-123.0137187802915,ChIJEZsIboQIwFQRNy3yOiTKe_Y
44.81139899999999,-124.062006,44.81273703029149,-124.0607928697085,44.81003906970849,-124.0634908302915,ChIJ-YWFpPmH6lQR__gssuqycuo
43.8002656,-123.0355107,43.8014744802915,-123.0340764697085,43.7987765197085,-123.0367744302915,ChIJ58mJ404xwVQRiuC6g9eryXc
44.313722,-123.324039,44.3150745802915,-123.321315,44.3123766197085,-123.324947,ChIJG20R93tUwFQRQiVoAxf34wk
44.32837409999999,-123.3051331,44.32954838029149,-123.3037835197085,44.32685041970849,-123.3064814802915,ChIJheCK_phTwFQRotxeGzlL7Tc
45.3521825,-123.0487758,45.35354013029151,-123.0475695697085,45.35084216970851,-123.0502675302915,ChIJgUViR4o_lVQRQm8qqjxWrGE
43.15674780000001,-123.5306094,43.1578249302915,-123.5292229697085,43.1551269697085,-123.5319209302915,ChIJ5yZ9S6A_xFQRKPmBim_gPkU
45.4621862,-122.9837223,45.4635974302915,-122.9822271197085,45.4608994697085,-122.9849250802915,ChIJh-zDkxkRlVQRJChJG6ef9Ts
45.1898672,-122.7202747,45.1913319802915,-122.7189980197085,45.1886340197085,-122.7216959802915,ChIJaQwsQsZmlVQRG7KQ_HWmoZo
44.0853622,-123.0395288,44.0867063802915,-123.0382868197085,44.0840084197085,-123.0409847802915,ChIJ-W8OECriwFQRkNvt5E2iPxY
44.0457169,-121.3157951,44.0470271302915,-121.3143092197085,44.0443291697085,-121.3170071802915,ChIJERCRjTLGuFQRd03y74_oYno
45.3411045,-123.0512606,45.34245363029149,-123.0498852197085,45.3397556697085,-123.0525831802915,ChIJVdKpzeo_lVQRssCmAbJ_k0s
45.2456244,-122.8880483,45.2469654302915,-122.88562385,45.2442674697085,-122.89095165,ChIJo2XmyitolVQRbXHbCFguAdU
46.0685635,-118.3423437,46.0698988302915,-118.3411019697085,46.0672008697085,-118.3437999302915,ChIJU1bc7WNqolQRsqa0WY-RfyQ
45.61870880000001,-122.9592487,45.6196152302915,-122.9572277197085,45.6169172697085,-122.9599256802915,ChIJuURaKlQDlVQRsRnWko7hPzA
45.214965,-123.248501,45.2167011302915,-123.2472724,45.2140031697085,-123.2521868,ChIJsaMyzeNJlVQRXL9vvq15duY
45.0241135,-123.1439069,45.02532463029149,-123.1428285697085,45.02262666970849,-123.1455265302915,ChIJkUiVM5RUlVQRG06EOKskwdU
43.20843929999999,-123.3447581,43.20973358029149,-123.3432625197085,43.20703561970849,-123.3459604802915,ChIJGwWA4AUjxFQRH238gU8UqRM
45.708611,-121.5599372,45.7100524302915,-121.5586268197085,45.7073544697085,-121.5613247802915,ChIJk8AyJCMJllQR5nx396gJhgc
45.6983696,-121.5799266,45.6998654302915,-121.5785677197085,45.6971674697085,-121.5812656802915,ChIJc3SZKa8OllQRJecy6f4_aXQ
46.646221,-122.938394,46.6475665302915,-122.9369477197085,46.6448685697085,-122.9396456802915,ChIJ9xlEJNVfkVQRXrzX3lwndRU
46.08914259999999,-118.278365,46.09070623029149,-118.2772301197085,46.0880082697085,-118.2799280802915,ChIJfYa8Jk8VolQR_qaj9BtDqoU
45.1048739,-123.1422369,45.10614613029149,-123.1409476697085,45.10344816970849,-123.1436456302915,ChIJpVBrF1KnlVQRfhZoupOviT4
43.2984953,-123.4274499,43.3000713302915,-123.4260129197085,43.2973733697085,-123.4287108802915,ChIJR3BG2o8ZxFQRKNFA5078BJY
45.33231989999999,-123.0956794,45.33350943029149,-123.0944827697085,45.33081146970849,-123.0971807302915,ChIJk4FKnHU_lVQR459vN51LrZU
45.5236908,-122.9867704,45.52509643029151,-122.9854930197085,45.52239846970851,-122.9881909802915,ChIJUcYQP7salVQR8_PANElXT8o
45.3432948,-123.0178854,45.3446445302915,-123.0165031197085,45.3419465697085,-123.0192010802915,ChIJY2xe_1cVlVQRF7h9kJx8l3A
45.70836239999999,-121.5160277,45.70966508029149,-121.5146052697085,45.70696711970849,-121.5173032302915,ChIJGV_eUG8OllQRPmcuXsJM5iw
44.9899746,-123.2723332,44.9912690802915,-123.2709907697085,44.9885711197085,-123.2736887302915,ChIJr4YbaXmr6lQRnl2_TVsUBnY
44.05460069999999,-123.097572,44.0559492802915,-123.0960827697085,44.05325131970851,-123.0987807302915,ChIJ7c4eXw0ewVQREsklU2K6R2w
45.210138,-123.1935137,45.2114298302915,-123.1922114697085,45.2087318697085,-123.1949094302915,ChIJyR298GI4lVQREoN3AJmpdJQ
45.362803,-123.171857,45.3645828302915,-123.1706649697085,45.3618848697085,-123.1733629302915,ChIJSb-sBKY-lVQRLtO8yFzDptA
44.342758,-123.3663125,44.3441211302915,-123.3647096697085,44.3414231697085,-123.3674076302915,ChIJdcme6BlTwFQRvmlNU6BCQZ4
45.7085973,-121.5599758,45.71000893029149,-121.5588187697085,45.70731096970849,-121.5615167302915,ChIJp3eA550OllQR5gujRSmfdmA
45.5313506,-122.6326892,45.53268458029149,-122.6314030197085,45.5299866197085,-122.6341009802915,ChIJLWkJKIaglVQR7NHrRIYgmOg
46.0121642,-118.3645695,46.0134183302915,-118.3633355197085,46.0107203697085,-118.3660334802915,ChIJbUxzWDFColQRZ02xVl9QqhY
45.0242905,-123.1440303,45.0256866302915,-123.1428639197085,45.0229886697085,-123.1455618802915,ChIJCXcSpHBVlVQRDkcuSQoxiBg
44.93537800000001,-123.362837,44.9367865802915,-123.3615099697085,44.93408861970851,-123.3642079302915,ChIJQXGa_Cim6lQRoD1BfVCUv2g
42.1851119,-121.462801,42.1859785,-121.4588779,42.1825121,-121.4641087,ChIJo8pAtsslyVQR1Rmv8DXZc5w
45.1194271,-123.1838574,45.1207613802915,-123.1824943197085,45.11806341970851,-123.1851922802915,ChIJMSbWUPpNlVQR1MkBJSsgj0Y
45.240894,-123.277146,45.24246063029149,-123.2731017,45.2397626697085,-123.2784941,ChIJ08Rvf9tJlVQRxurM-mtG6OU
42.118373,-123.550604,42.1193651302915,-123.54612485,42.1166671697085,-123.55209705,ChIJu8Z5jIfwz1QRELnH24QkTrg
44.959366,-123.147962,44.9607149802915,-123.1466130197085,44.9580170197085,-123.1493109802915,ChIJR4e3VYKq6lQRUlI3AbbBZLM
45.3076423,-123.0497406,45.3090725302915,-123.0483978697085,45.3063745697085,-123.0510958302915,ChIJd6HbdYpAlVQRFsbLLYMhi0o
45.4896316,-122.5961255,45.4909055802915,-122.5948920697085,45.4882076197085,-122.5975900302915,ChIJlUedyxSglVQR4kHK4s_Oup8
45.3023854,-123.0743735,45.3034296802915,-123.0728437197085,45.3007317197085,-123.0755416802915,ChIJJ4Cw8WI4lVQRvACw7eJsUjQ
43.115009,-123.39355,43.1167391802915,-123.3922426197085,43.1140412197085,-123.3949405802915,ChIJZS1JIJ05xFQRBC3XPLxiy0o
45.2846205,-123.0545932,45.28596848029149,-123.0530923197085,45.2832705197085,-123.0557902802915,ChIJwe4u94JBlVQRU1dJHmkyxwI
44.3382629,-123.4093527,44.34068390000002,-123.405543,44.33099989999999,-123.4106226,ChIJb3IEb9lSwFQRBFA8JLwurQA
45.33367399999999,-122.95075,45.33502283029149,-122.9489756697085,45.33232486970849,-122.9516736302915,ChIJ827r8edqlVQRKa6xF9uEnMA
45.3460224,-123.0914728,45.3474423302915,-123.0902795197085,45.3447443697085,-123.0929774802915,ChIJ6UzcTao_lVQRqtJ7wRXAliE
46.067169,-118.338774,46.0684617802915,-118.3373157697085,46.06576381970851,-118.3400137302915,ChIJnVEpwYFrolQRFXWbCpaYGKw
44.339433,-123.4036648,44.3411300302915,-123.4022716197085,44.3384320697085,-123.4049695802915,ChIJs7GxZ95SwFQRtKmeSwEWjp4
45.253782,-122.545516,45.25513453029151,-122.5441005697085,45.25243656970851,-122.5467985302915,ChIJkZ4H56B7lVQRWnI4xMr8RWU
45.31652699999999,-122.679991,45.31798608029149,-122.6790525197085,45.3152881197085,-122.6817504802915,ChIJb6d3LS1wlVQRNYlY_kDNze8
45.7114068,-121.3015009,45.71279578029149,-121.3001345197085,45.71009781970849,-121.3028324802915,ChIJkbwG1lsXllQRRwVCeIw0ovg
45.2115446,-123.1904276,45.21283538029149,-123.1890780697085,45.2101374197085,-123.1917760302915,ChIJBVuXpmtJlVQRcHRm3_rm-i8
45.057554,-123.0856069,45.0584696302915,-123.0844658697085,45.05577166970851,-123.0871638302915,ChIJo2vqswFUlVQRgLZQzvRrp70
45.5979924,-123.0011991,45.59924458029149,-122.9998766697085,45.59654661970849,-123.0025746302915,ChIJrwseQnsDlVQRx3J5zC8-Rrc
44.0538835,-123.0960345,44.05522973029149,-123.0945510197085,44.05253176970849,-123.0972489802915,ChIJt8DdfXQewVQRDnGR9L8Wui0
45.3175198,-122.9113372,45.31871788029149,-122.9101032697085,45.3160199197085,-122.9128012302915,ChIJgwIyI61rlVQRlMrXOURPhCQ
45.2943045,-123.1777745,45.29560938029149,-123.1763623697085,45.2929114197085,-123.1790603302915,ChIJ32kRN-g5lVQR4oPtOCtnBUE
45.9617933,-118.4452343,45.9632080802915,-118.4438838697085,45.96051011970851,-118.4465818302915,ChIJaeVPBSRdolQRos3L6ozhMAc
42.305454,-123.2205078,42.3066718302915,-123.2191600697085,42.3039738697085,-123.2218580302915,ChIJy7sXzUyGz1QRps3PJslZWo4
45.1290628,-123.3818682,45.13034023029149,-123.3805198197085,45.1276422697085,-123.3832177802915,ChIJH5hqgbuz6lQRAlU-UUdpdXc
45.5362174,-121.6221681,45.5376982302915,-121.6206681197085,45.5350002697085,-121.6233660802915,ChIJXSTLXEH9lVQRtUsfz9kHtr4
45.35607650000001,-122.8409602,45.35738998029149,-122.8395507197085,45.3546920197085,-122.8422486802915,ChIJ6cswbItrlVQRiGeBUrg9OC4
44.88228170000001,-122.7969571,44.88357583029151,-122.7959181197085,44.88087786970851,-122.7986160802915,ChIJCX2rOPLwv1QRFCK2BKVIZ6s
46.061153,-118.2889323,46.0625012802915,-118.2876285197085,46.0598033197085,-118.2903264802915,ChIJCdCGvxtAolQROdtZvLqCSjY
45.2801789,-123.063368,45.2814945802915,-123.0619998697085,45.2787966197085,-123.0646978302915,ChIJJ1AqhglBlVQRYYqcPLUg6eE
45.6262818,-122.6720002,45.6277082802915,-122.6705692697085,45.62501031970851,-122.6732672302915,ChIJFW-YsviplVQRXHNhFsh88eI
45.384192,-122.900126,45.3855365802915,-122.89805615,45.3828386197085,-122.90081595,ChIJHbrgbEYTlVQRlDMFCju7t2w
46.0676174,-118.3573237,46.0689188802915,-118.3559739197085,46.06622091970851,-118.3586718802915,ChIJD8G5c2lqolQRRBxNCEFs0NQ
45.2582549,-123.0471345,45.25963593029149,-123.0457746697085,45.2569379697085,-123.0484726302915,ChIJV1ZPvUtBlVQRu6PnF0iWLnc
45.0229734,-122.7681971,45.02436513029149,-122.7667204697085,45.02166716970849,-122.7694184302915,ChIJ9eRassTjv1QRBM49eT3Jr5Y
45.2311535,-123.1530595,45.2323249302915,-123.1512228197085,45.2296269697085,-123.1539207802915,ChIJlTazwd1IlVQRwTyolVvBOBw
43.2506976,-123.3986973,43.2520735802915,-123.3972476697085,43.2493756197085,-123.3999456302915,ChIJgdjxjCEjxFQR9qCx7V8hYfY
45.2427378,-123.0580027,45.24426263029151,-123.0568747697085,45.24156466970851,-123.0595727302915,ChIJY8_oWaRGlVQRD_kczBzbt-8
46.022924,-118.3600492,46.02425468029149,-118.3590106197085,46.0215567197085,-118.3617085802915,ChIJqXPayyZColQRvhXcUAe5f34
45.2098171,-123.1927718,45.21126798029149,-123.1914215697085,45.20857001970849,-123.1941195302915,ChIJeeQKRWI4lVQRAbyV6ExOZkE
45.72645439999999,-122.4553831,45.72780308029149,-122.4540764197085,45.72510511970849,-122.4567743802915,ChIJgwb8UuC2lVQR63Fgh0FQPq4
44.7276144,-123.3445028,44.72884098029149,-123.3430184197085,44.7261430197085,-123.3457163802915,ChIJ_f2JY4gXwFQRio0vxK8goBM
45.600534,-123.171698,45.6015760802915,-123.1703710697085,45.5988781197085,-123.1730690302915,ChIJk7IwOZUdlVQRNfp1VBTEvjY
45.3087469,-123.1405875,45.3095321302915,-123.1389000197085,45.3068341697085,-123.1415979802915,ChIJdZU7Gbo4lVQRcu2QYopE_Z0
45.4002287,-123.0191681,45.4014316302915,-123.0147275,45.3987336697085,-123.0206483,ChIJVzxTuDQUlVQREoMakvWZRbU
42.30208189999999,-123.2051009,42.30345528029149,-123.2036866197085,42.30075731970849,-123.2063845802915,ChIJdW4z1FCGz1QRpEgO5GsmqE8
45.3349294,-122.6793569,45.3362941302915,-122.6779509197085,45.3335961697085,-122.6806488802915,ChIJCYfyC79xlVQRabdCd9q13Is
45.3437569,-123.0541053,45.34502783029149,-123.0524962197085,45.34232986970849,-123.0551941802915,ChIJg_dRP8A_lVQROheNluzN7_c
42.2173954,-122.6959214,42.2189194802915,-122.6945536197085,42.2162215197085,-122.6972515802915,ChIJa0VN3zxzz1QR3a0yOuFXZo4
45.3497222,-123.0758333,45.35111493029149,-123.0743680697085,45.3484169697085,-123.0770660302915,ChIJb41YSLE_lVQRF1Z6xdX1EUA
45.41776249999999,-123.1530906,45.4191104802915,-123.1517419697085,45.4164125197085,-123.1544399302915,ChIJmxRXl-o9lVQRifUzxYSguOk
44.0544288,-123.0892628,44.0557189802915,-123.0879282197085,44.0530210197085,-123.0906261802915,ChIJmTGBLT4fwVQRAQKcK3r8iko
44.90172700000001,-123.344021,44.9025940302915,-123.3431615,44.8998960697085,-123.3465995,ChIJxdQmbvKn6lQRrXXrgGZzmPA
44.5994797,-123.4193273,44.6008877302915,-123.4180293197085,44.5981897697085,-123.4207272802915,ChIJhfpqHHY5wFQRbjZipl371Hk
47.7314361,-122.1421813,47.7327473302915,-122.1408065197085,47.7300493697085,-122.1435044802915,ChIJ6_DGuoINkFQRtrE6yyX_Nac
44.458417,-123.323498,44.4597613802915,-123.3219350697085,44.4570634197085,-123.3246330302915,ChIJTVllbWZPwFQRAORMlzyMJio
45.4470814,-123.036578,45.4485269302915,-123.0351276697085,45.44582896970851,-123.0378256302915,ChIJh7ZyX2UXlVQRhdkMv3f_Hws
47.73664309999999,-122.1415676,47.7379959802915,-122.1405001697085,47.7352980197085,-122.1431981302915,ChIJafwAAksMkFQRytLZTHt0jxE
46.66561909999999,-123.6677695,46.6671118302915,-123.6660491697085,46.6644138697085,-123.6687471302915,ChIJH1ufPqu3k1QRh4ejggtTHKw
45.1217368,-123.1553812,45.1224489302915,-123.1542528,45.1197509697085,-123.1587664,ChIJM9WzW_5RlVQR0QHf2upSVIQ
44.9842044,-123.117956,44.9855543802915,-123.1165326697085,44.9828564197085,-123.1192306302915,ChIJq9Y035FVlVQR81UXjoNq3bw
45.2944564,-123.1768455,45.2958337302915,-123.1755926697085,45.2931357697085,-123.1782906302915,ChIJ521j82I4lVQRx4Y58ybqFak
43.8418846,-123.0292764,43.8430947802915,-123.0279926697085,43.8403968197085,-123.0306906302915,ChIJRT13WfUvwVQRJ4Sfbq24iQs
45.4888877,-122.8130483,45.4902435302915,-122.8116194697085,45.4875455697085,-122.8143174302915,ChIJhc8Kx78PlVQRYGIpoCvAKUY
45.2517024,-123.0496769,45.2527921802915,-123.0480716697085,45.2500942197085,-123.0507696302915,ChIJffprYLJGlVQR2EpHc4SuicA
43.0984625,-123.575232,43.0997793302915,-123.5739737197085,43.0970813697085,-123.5766716802915,ChIJjY_fnzJBxFQRsXCsLBepZ2Y
42.196248,-122.641272,42.19763553029151,-122.6399257197085,42.19493756970851,-122.6426236802915,ChIJUWLQ1RsNz1QROb7nZHnQf6E
45.04542069999999,-123.1560137,45.04648203029149,-123.15138515,45.04378406970849,-123.15755655,ChIJu1Dq351UlVQRtlivmyGUTio
46.068416,-118.35605,46.06977473029151,-118.3549126197085,46.06707676970851,-118.3576105802915,ChIJ4WlwqmlqolQRkTya0vWcIJo
45.27907,-123.031339,45.28052798029151,-123.0299885697085,45.27783001970851,-123.0326865302915,ChIJYRcWWxpBlVQR--h_JRvzM68
45.7261215,-121.5816939,45.7274976302915,-121.5805829697085,45.7247996697085,-121.5832809302915,ChIJ96FgVUcMllQRfcS4ZgR5N5A
45.2503708,-122.850278,45.2517066802915,-122.8489200697085,45.2490087197085,-122.8516180302915,ChIJB4dal0VolVQRqskDqQtwO0A
45.2904641,-122.999178,45.2916431802915,-122.9976592697085,45.2889452197085,-123.0003572302915,ChIJs-4c3txIlVQR6UVxrpn_h7U
45.4991123,-122.6459046,45.5004751302915,-122.6444333697085,45.49777716970851,-122.6471313302915,ChIJg7jDEtGglVQRwq0Z4EaYDfM
45.2878696,-122.8473959,45.2889901302915,-122.8460436697085,45.2862921697085,-122.8487416302915,ChIJc3PSh2tplVQRX3_KQoQRoOQ
44.331665,-123.407654,44.33429914999999,-123.4058964697085,44.33078695,-123.4085944302915,ChIJcS828idTwFQRsPkU2KLl1kQ
45.2937004,-123.1767604,45.29505203029149,-123.1755393697085,45.2923540697085,-123.1782373302915,EikxMjggUyBQaW5lIFN0ICM0NywgQ2FybHRvbiwgT1IgOTcxMTEsIFVTQSIeGhwKFgoUChIJq-yE6GI4lVQRj1cfXmtzIHgSAjQ3
46.0797309,-118.2902771,46.08116133029149,-118.2890291697085,46.07846336970849,-118.2917271302915,ChIJ5WXtlbFqolQRwUhfJ7FvVWE
45.364876,-122.908901,45.36617053029149,-122.90608295,45.3634725697085,-122.90984035,ChIJ37RsjNhrlVQRJc7DbLHhIIE
44.23243839999999,-123.3388415,44.23374203029149,-123.3374883197085,44.2310440697085,-123.3401862802915,ChIJmz8wPp6qwVQRibeXpi_EitI
45.1501488,-123.2880049,45.15154363029149,-123.2864512697085,45.14884566970849,-123.2891492302915,ChIJg_P1G49MlVQRGBGVd5SC3f4
44.0474085,-121.3146084,44.04875413029149,-121.3133764197085,44.04605616970849,-121.3160743802915,ChIJAUHFvzLGuFQRqIyCskVir5c
45.7008333,-121.5622222,45.7018861302915,-121.5608727697085,45.6991881697085,-121.5635707302915,ChIJp6xxvqIOllQRNiNg9-9Uef4
45.2456244,-122.8880483,45.2469716802915,-122.8865986197085,45.24427371970851,-122.8892965802915,ChIJacXdhnhqlVQRD-zWufBoiMY
45.27898099999999,-123.033569,45.28048928029149,-123.0322186697085,45.27779131970849,-123.0349166302915,ChIJI3nWyRtBlVQRejdAaE7YTTY
47.5947426,-120.6627167,47.5961366802915,-120.6614191697085,47.59343871970851,-120.6641171302915,ChIJBbUlpIxNmlQRe91hXA3gWGU
44.5787982,-123.4597742,44.5801639302915,-123.4586371697085,44.5774659697085,-123.4613351302915,ChIJ99SRtt45wFQR89Yvx_w1T-c
45.4738341,-123.1423017,45.4751334802915,-123.1409882197085,45.4724355197085,-123.1436861802915,ChIJbUpk2zEZlVQRIubeW2siYTg
45.7087751,-121.512979,45.71016873029149,-121.5115891197085,45.7074707697085,-121.5142870802915,ChIJB_EXK28OllQRM1bD3Njjbm8
45.300025,-123.182698,45.3015264302915,-123.1813466697085,45.2988284697085,-123.1840446302915,ChIJp0qWGmA4lVQR8xe5ZWoyLIY
45.111724,-123.138839,45.1130814302915,-123.1376830197085,45.1103834697085,-123.1403809802915,ChIJXbUdl_FRlVQR9MS7QlEs6Io
45.32202299999999,-122.9487002,45.3233713802915,-122.9476774197085,45.3206734197085,-122.9503753802915,ChIJt8yOhMBqlVQRwn-y6wH7UoY
43.8609479,-123.2506801,43.86233693029151,-123.2491406197085,43.85963896970851,-123.2518385802915,ChIJ545Wtpk9wVQRV0rwGv3yknM
44.2797574,-123.0635493,44.2812735302915,-123.0621659697085,44.2785755697085,-123.0648639302915,ChIJ-zfS-Kb3wFQR76Ls6oSY6YQ
45.3754782,-122.7932443,45.3767605802915,-122.7918953197085,45.3740626197085,-122.7945932802915,ChIJfVYcM25tlVQRU1yfpiZBh1c
46.0686598,-118.3375825,46.0698430802915,-118.3364164697085,46.0671451197085,-118.3391144302915,ChIJ0aggqXNqolQRK1KnF6q0JYs
44.9977684,-123.1856044,44.9992640802915,-123.1845679697085,44.9965661197085,-123.1872659302915,ChIJpxtVdAKr6lQRnFmXb1odLsQ
44.0569949,-123.1031308,44.0586773302915,-123.1018930697085,44.0559793697085,-123.1045910302915,ChIJby_TTXMewVQRNIedpeSiiTk
45.5213279,-122.6628761,45.5226760302915,-122.6614602697085,45.51997806970851,-122.6641582302915,ChIJB8L0l4iglVQRGrl1x0tF_Jg
44.1832287,-123.2985837,44.18448293029149,-123.2973279197085,44.1817849697085,-123.3000258802915,ChIJRaUc1aEBwVQRGzCPNe96EIc
45.416418,-122.700471,45.4179027302915,-122.6992129197085,45.4152047697085,-122.7019108802915,ChIJA30F9UJzlVQR7ZSgwmdaPdA
46.00699960000001,-118.3815932,46.0083424302915,-118.3807205,46.00564446970851,-118.3842113,ChIJ43Puwk1ColQR74SiPklMvqU
45.08982719999999,-122.6678216,45.09117793029151,-122.6665023697085,45.08847996970851,-122.6692003302915,ChIJMwDcQ-jfv1QRUAbyyBR29p0
45.29982,-122.9726638,45.3011922802915,-122.9713403197085,45.2984943197085,-122.9740382802915,ChIJbwjNS9FBlVQRMZj7tyI60UY
45.5082821,-122.6590832,45.50959338029149,-122.6575631197085,45.50689541970849,-122.6602610802915,ChIJc-Akvi8LlVQRXoF7-VCQJGs
45.51972889999999,-122.6815531,45.5210014302915,-122.6800429197085,45.5183034697085,-122.6827408802915,ChIJezhLIvEJlVQRtoiozKCPkW8
45.1226769,-123.3500068,45.1241282302915,-123.3486273197085,45.1214302697085,-123.3513252802915,ChIJi6-To2qz6lQRJcTvgR1aSys
45.30014,-122.9718513,45.30156703029149,-122.9704978197085,45.29886906970849,-122.9731957802915,ChIJdwZiaalrlVQRNU5wOfFmNsU
45.2862225,-123.0297364,45.2873644802915,-123.0286477697085,45.2846665197085,-123.0313457302915,ChIJrUrHOAJBlVQRpVQFxJCE6gA
46.010943,-118.3449931,46.01187723029149,-118.3437013197085,46.00917926970849,-118.3463992802915,ChIJ075thAlDolQRaq2G9jW141c
45.3130763,-123.0930302,45.3143296302915,-123.0916213697085,45.3116316697085,-123.0943193302915,ChIJg2-CumA_lVQRbMpuHzSChRA
42.22067699999999,-122.6782352,42.2219194302915,-122.6771138697085,42.2192214697085,-122.6798118302915,ChIJ1ei999hyz1QRXmFqtR6TDYw
43.4223002,-123.2986276,43.4235471302915,-123.2972063197085,43.4208491697085,-123.2999042802915,ChIJS0gyItKnxlQRvbp71fZyR8g
45.304751,-123.04771,45.3061110302915,-123.0464191697085,45.3034130697085,-123.0491171302915,ChIJp3JTBYtAlVQRWNjBaSgUZGo
45.3124975,-123.0164376,45.3138318302915,-123.0150673697085,45.3111338697085,-123.0177653302915,ChIJ09XGBkBAlVQRF5HO7CAhfMg
45.35961559999999,-123.0955775,45.3609410802915,-123.0942039697085,45.3582431197085,-123.0969019302915,ChIJdyoJ3-Y_lVQRHxeL_rGS5xM
44.3427984,-123.3662486,44.3441596302915,-123.3646797197085,44.3414616697085,-123.3673776802915,ChIJN__uU6pTwFQRlm9_Gndu4Us
45.2758826,-123.0130905,45.2770790302915,-123.0117333197085,45.2743810697085,-123.0144312802915,ChIJb01yiQtBlVQR9rgEJuRwW3M
45.0998266,-123.114346,45.10115913029149,-123.1127918697085,45.0984611697085,-123.1154898302915,ChIJP3fyf5tRlVQR9X_zy_Q7ndc
45.4441154,-123.1941181,45.4454538302915,-123.1929544697085,45.4427558697085,-123.1956524302915,ChIJn5MXyjQ9lVQRvfzTTYvgfSI
45.2724899,-123.0160877,45.2738995302915,-123.0148743697085,45.2712015697085,-123.0175723302915,ChIJMUXbHeRqlVQRVxGePwpQ8T8
45.27822210000001,-123.0109199,45.2796842802915,-123.0097653697085,45.27698631970851,-123.0124633302915,ChIJAbEfhglBlVQRpTiN4tbWBBM
45.718808,-121.4044485,45.7201549302915,-121.4030351197085,45.7174569697085,-121.4057330802915,ChIJ18LXgwARllQRCm50jM-wEfs
45.0698645,-123.1196283,45.0712165802915,-123.1184459197085,45.0685186197085,-123.1211438802915,ChIJMY_-n8JTlVQRIehuiplWTIo
45.40038819999999,-122.9869325,45.40193678029149,-122.9850769697085,45.39923881970849,-122.9877749302915,ChIJb07wO0IUlVQRpT7hr_IPjrc
45.5182548,-122.6786917,45.51961988029149,-122.6772843697085,45.51692191970849,-122.6799823302915,ChIJ1UekEQUKlVQRvCOAz-r0raI
44.2372963,-123.3602122,44.2383269302915,-123.3591269197085,44.2356289697085,-123.3618248802915,ChIJuQcnBo-qwVQRmu-NMvQBQqQ
45.2694459,-123.0218664,45.2709408802915,-123.0205399197085,45.2682429197085,-123.0232378802915,ChIJ181L7RJBlVQRUPxoitr7l_c
45.7356065,-121.5773393,45.7370053302915,-121.5759959197085,45.7343073697085,-121.5786938802915,ChIJbeIl22ANllQRsR4Yt5JcK8U
42.2384124,-123.1153793,42.23973323029151,-123.1140155697085,42.23703526970851,-123.1167135302915,ChIJ8RHrmd-Ez1QRoL51UJH1o5I
45.2630092,-123.1275075,45.2644820802915,-123.1261621197085,45.2617841197085,-123.1288600802915,ChIJFdmFMaZHlVQRgx5HCoe2q-0
45.18015399999999,-122.721652,45.1814602802915,-122.7203016697085,45.1787623197085,-122.7229996302915,ChIJVxWn79JmlVQR_6LMG1LCGOE
46.0574889,-118.577829,46.0592417302915,-118.57683605,46.0565437697085,-118.58080785,ChIJMSn8_WVmolQR4a9l9T-4xz8
42.23299669999999,-123.0559789,42.23641085000001,-123.0546156697085,42.23185864999999,-123.0573136302915,ChIJiYMYzk-bz1QR5DRe2A9r9pg
45.2655399,-123.0556336,45.2669244302915,-123.0539424697085,45.2642264697085,-123.0566404302915,ChIJX2kc1TNBlVQR2ByNtkV6kkk
45.2795302,-123.0078417,45.28064498029149,-123.0067110197085,45.27794701970849,-123.0094089802915,ChIJ0837TqdBlVQR8w_X_SPvVx4
43.1269652,-123.4474946,43.12832645,-123.4467010697085,43.12288144999999,-123.4493990302915,ChIJtav88DE5xFQRkFq6XE3ri4o
45.54069880000001,-122.7128257,45.5421011802915,-122.7112964697085,45.5394032197085,-122.7139944302915,ChIJKYskPMMJlVQRURgfKe5E-yI
44.9888229,-123.090698,44.9898349802915,-123.0896539197085,44.9871370197085,-123.0923518802915,ChIJrQ_vQXpVlVQRIVpP-FSvDQ4
46.06784940000001,-118.3409375,46.0690621302915,-118.3395887197085,46.06636416970851,-118.3422866802915,ChIJ4ZSprkEVolQRF385x5xV5SE
45.39870699999999,-122.987948,45.4002895802915,-122.98720155,45.3975916197085,-122.99018735,ChIJ7TjgpUMUlVQRzpjqJAd3ifQ
45.280187,-123.036393,45.2810980802915,-123.0350474697085,45.2784001197085,-123.0377454302915,ChIJv8IM-BtBlVQRjM70I7_7W9E
45.29447070000001,-123.1788045,45.2958174302915,-123.1772994197085,45.2931194697085,-123.1799973802915,ChIJpSR0kmI4lVQRYGZTgUDxvos
46.0676647,-118.3381224,46.0691111302915,-118.3369079697085,46.0664131697085,-118.3396059302915,ChIJEWQIIoxrolQRoRMLejqYX4I
44.0535235,-123.0903662,44.0548722302915,-123.0886693697085,44.0521742697085,-123.0913673302915,ChIJ6bxBl4wfwVQRRmqBIq9G-u0
45.3998528,-122.2786438,45.4013342802915,-122.2773617697085,45.39863631970851,-122.2800597302915,ChIJjf0QOCyFlVQRDr7UHww3h18
42.304285,-122.945455,42.3057629302915,-122.9441129197085,42.3030649697085,-122.9468108802915,ChIJo3AdgEN4z1QRroEV2LwJoY0
45.2414043,-123.0693683,45.24276193029151,-123.0679100197085,45.24006396970851,-123.0706079802915,ChIJieAbiJlGlVQRz7RIkU2A8ms
44.0533316,-123.0900093,44.0546804302915,-123.0884910697085,44.05198246970851,-123.0911890302915,ChIJJ-qGrWM9wVQRm3x2PHXQ-nM
46.0670236,-118.35699,46.06837373029149,-118.3553805197085,46.0656757697085,-118.3580784802915,ChIJyS-YaWlqolQRBi8ZSO8OqCc
45.1337686,-123.1379239,45.1347580802915,-123.1365711197085,45.13206011970851,-123.1392690802915,ChIJGwkzz5lPlVQRrC17L0dfWfE
46.0874721,-118.2255027,46.08885108029149,-118.2239803697085,46.0861531197085,-118.2266783302915,ChIJkyxxY34VolQRcaxvXcqbfg0
45.746533,-119.1963497,45.74781618029149,-119.1951833197085,45.74511821970849,-119.1978812802915,ChIJR5wR_YXGolQRKNAJEbBbawo
45.1205122,-123.1576193,45.1218512802915,-123.1562802697085,45.11915331970851,-123.1589782302915,ChIJL_1chQNOlVQRczMCRVPz81E
44.0513203,-121.3144476,44.05270188029149,-121.3129797197085,44.0500039197085,-121.3156776802915,ChIJMd6qI9zHuFQR69YkHJF-JY4
44.1838114,-123.3757423,44.1850871302915,-123.3744635697085,44.1823891697085,-123.3771615302915,ChIJ56rX5tIAwVQRmyVqDcZWHKo
45.3736946,-123.123814,45.3750096302915,-123.1227387697085,45.3723116697085,-123.1254367302915,ChIJxbY40Hw-lVQRcE6VfzFBDi8
45.3740385,-122.8836606,45.37538733029151,-122.8824260197085,45.37268936970851,-122.8851239802915,ChIJow4t6bNslVQRippQXRXqrso
45.0084325,-123.3889832,45.00948313029149,-123.3877760197085,45.00678516970849,-123.3904739802915,ChIJL-XgA62v6lQRLyLejKbgWxw
43.2911153,-123.3357489,43.2924252302915,-123.3344992197085,43.2897272697085,-123.3371971802915,ChIJ2w47hNEYxFQRz7fl4LE9Brs
45.70903930000001,-121.5120539,45.71034513029149,-121.5108111697085,45.70764716970849,-121.5135091302915,ChIJlwRSLWkOllQRIsBo8nzjT2o
45.3019553,-123.1315071,45.3036240802915,-123.1308128,45.3009261197085,-123.13359,ChIJUygBx6U4lVQRcoRiiyxSX0E
45.2122035,-123.1902834,45.2134535302915,-123.1887815697085,45.2107555697085,-123.1914795302915,ChIJ8aRHHMNIlVQRQnGaf0_Goq8
46.0672954,-118.3384066,46.0686378802915,-118.3369019697085,46.06593991970851,-118.3395999302915,ChIJW7FbGmNqolQRqZPGQPoIHxU
43.6489612,-123.2246619,43.65015585,-123.22281325,43.64537725,-123.23020785,ChIJw601bj5LwVQRpErl1Rc_cEc
45.3591443,-123.1349562,45.3605092302915,-123.1336249197085,45.3578112697085,-123.1363228802915,ChIJv2ITGuw-lVQRoE6m4fsYV9A
45.7414861,-121.5555111,45.74282408029149,-121.5541066197085,45.7401261197085,-121.5568045802915,ChIJgb7K8roNllQRS2Cz4_O6o2Q
46.067181,-118.3400263,46.06857128029149,-118.3385750197085,46.06587331970849,-118.3412729802915,ChIJX3N-is1DolQR3QBhGXhXRfA
43.4674943,-123.196398,43.4684918,-123.19323825,43.4645018,-123.19745125,ChIJD7jJUIavxlQReq9W8ft2EiU
45.2562252,-123.0582614,45.2575265302915,-123.0567983197085,45.2548285697085,-123.0594962802915,ChIJWRS9kbVGlVQRNktsfS8kMyw
46.069996,-118.4900798,46.0712176302915,-118.4886820197085,46.0685196697085,-118.4913799802915,ChIJg-mkDu9oolQReJMO_6r0zOg
44.34401279999999,-121.3363096,44.34692714999998,-121.32895675,44.34304135,-121.33876055,ChIJbcRszS0vv1QRPJ0woaqPeFw
46.0041174,-118.274291,46.00604723029149,-118.2726495697085,46.00334926970849,-118.2753475302915,ChIJUw6m_hhBolQRU6eN4qJ4dZQ
45.29202000000001,-123.024546,45.29289583029151,-123.0213414,45.29019786970851,-123.0256142,ChIJfUvFehRBlVQR6wsYal6EAJw
46.91542380000001,-123.9707717,46.9167274802915,-123.9692836697085,46.91402951970851,-123.9719816302915,ChIJg8BGFdJHklQRujFaR2wP4xc
44.0463577,-123.0216597,44.0476217302915,-123.0203108697085,44.0449237697085,-123.0230088302915,ChIJ-1_CKzMwwVQRFbP5wXVgQIc
45.2930453,-122.9499648,45.2942644302915,-122.9487042197085,45.2915664697085,-122.9514021802915,ChIJB3rkytNBlVQRJeGnnZKdTpc
45.6922382,-121.5518853,45.6939425802915,-121.5505321197085,45.6912446197085,-121.5532300802915,ChIJbe-ki78OllQREZ9vEzd7Row
45.3852286,-122.9492007,45.3865794302915,-122.9479605697085,45.3838814697085,-122.9506585302915,ChIJl-CXXJAUlVQRr1JaRqrmJao
43.3563246,-123.440306,43.3578272802915,-123.4391179197085,43.3551293197085,-123.4418158802915,ChIJySZob3MbxFQRUp-3qtZHOt0
45.3112207,-123.2355909,45.31256863029149,-123.2342021697085,45.30987066970849,-123.2369001302915,ChIJqYQgPMQ5lVQRNM6cGXLECi0
45.4777784,-122.672637,45.4792172802915,-122.6712310197085,45.4765193197085,-122.6739289802915,ChIJW-Q_LBELlVQRudmlKYcxNUk
44.8944392,-123.3074544,44.8958131802915,-123.3061509197085,44.8931152197085,-123.3088488802915,ChIJO50M2KwCwFQRT3H2pYD4DJE
43.209336,-123.3466343,43.2105898302915,-123.3454124197085,43.2078918697085,-123.3481103802915,ChIJT9CPLikjxFQRoXcXJ_Ps4SA
46.014557,-118.3498194,46.01598918029151,-118.3485212197085,46.01329121970851,-118.3512191802915,ChIJT4JRox9DolQRk5QIUB_0lS8
45.276291,-122.853799,45.2776043802915,-122.8523097,45.2749064197085,-122.8582669,ChIJNbT0YrtplVQRsEFdXWBor4o
45.3940352,-123.0371868,45.3953823302915,-123.0357919197085,45.3926843697085,-123.0384898802915,ChIJl0lEEscVlVQRUdctHejnV8E
45.48297089999999,-123.0768525,45.4843328802915,-123.0756041197085,45.4816349197085,-123.0783020802915,ChIJrc2KGVgXlVQRQ0F1VM9-d4E
45.3445125,-123.0479938,45.3459538802915,-123.0465211197085,45.3432559197085,-123.0492190802915,ChIJibeHC8I_lVQRRUEMX0sGxnk
45.51987829999999,-122.6595691,45.5212167802915,-122.6582934197085,45.5185188197085,-122.6609913802915,ChIJ72Sg9qaglVQRd0cHSXEHguI
43.25769500000001,-123.4553905,43.25904938029151,-123.4546102,43.25635141970851,-123.4577314,ChIJYfhpxJ8XxFQRAwkr3wlYVrk
45.6885917,-121.3783343,45.6899428302915,-121.3768626197085,45.6872448697085,-121.3795605802915,ChIJ5ZhAntIRllQRI-sBmQwxJUI
45.1902563,-123.290696,45.1916169802915,-123.2893376197085,45.1889190197085,-123.2920355802915,ChIJibXtWutLlVQRqVEEK3nsBtY
43.6363158,-123.5658985,43.63758423029149,-123.5647424197085,43.6348862697085,-123.5674403802915,ChIJWVWjowhXwVQRRF_91U0QSSE
45.267537,-122.867312,45.2692485802915,-122.8655735,45.2665506197085,-122.8725275,ChIJZc74sbpplVQRU0QVC4gdGpw
45.0172034,-123.3159061,45.01843583029149,-123.3151401197085,45.0157378697085,-123.3178380802915,ChIJryQDAius6lQR_vPySzU0INE
46.0673344,-118.3396627,46.06865098029149,-118.3383967697085,46.06595301970849,-118.3410947302915,ChIJFT7yy0gVolQRI_AB6Xk-JjQ
45.3836997,-123.0774577,45.3851904802915,-123.0761208197085,45.3824925197085,-123.0788187802915,ChIJEbWuNRg-lVQREYS4i0er0hU
45.2939207,-123.1767456,45.2954099802915,-123.1753930197085,45.2927120197085,-123.1780909802915,ChIJ2a_52hk5lVQRXt7uNR8iYcg
45.2902083,-122.9995339,45.2914135302915,-122.9981942697085,45.2887155697085,-123.0008922302915,ChIJcVrLgmtBlVQRdHSvyMMGgGA
45.2952336,-123.1781597,45.29656418029149,-123.1769658197085,45.2938662197085,-123.1796637802915,ChIJvWmQ6wk5lVQRc3tqTfa2m4s
44.0104627,-123.3320229,44.01179563029149,-123.3307680197085,44.0090976697085,-123.3334659802915,ChIJRVhUMOoQwVQR6c3VUO3mTsQ
45.2789631,-123.0111547,45.2802094302915,-123.0098500697085,45.2775114697085,-123.0125480302915,ChIJaYAMlAlBlVQR6T_33eJv5YQ
44.8828871,-117.5203613,44.8842757802915,-117.5183821197085,44.8815778197085,-117.5210800802915,ChIJVfYnVGdZpFQR8X47_NgHmWo
43.3989786,-123.4545027,43.4002501802915,-123.4531103197085,43.3975522197085,-123.4558082802915,ChIJKfZRK10DxFQR2TjvVdyrusI
40.3539532,-122.3117551,40.3557630802915,-122.3103780697085,40.3530651197085,-122.3130760302915,ChIJJf--v1TF0lQR8YqJqv15KMM
43.7825666,-123.0519507,43.7840102802915,-123.0504900697085,43.7813123197085,-123.0531880302915,ChIJ-cbq2qUxwVQRrpkiGzmha1s
45.6219292,-123.2183373,45.62326858029149,-123.2169594197085,45.6205706197085,-123.2196573802915,ChIJFZqCFhfilFQR3HKCLuKSDt0
45.6148532,-122.9167208,45.6159263302915,-122.9153362697085,45.6132283697085,-122.9180342302915,ChIJRfynz7YGlVQRmNnm25Qmdao
45.04117,-123.112624,45.04223453029149,-123.1112755697085,45.0395365697085,-123.1139735302915,ChIJ6QcmI7ZVlVQREBNMEFSHWhQ
44.058572,-121.31398,44.0599841302915,-121.3126627197085,44.0572861697085,-121.3153606802915,ChIJG9hkQ53IuFQRYkSXxXQKcKk
45.34209799999999,-123.0800474,45.3434104802915,-123.0786046697085,45.3407125197085,-123.0813026302915,ChIJeT9Adag_lVQR0wWcn6z1x_U
44.0538141,-123.092401,44.0551772802915,-123.0912191697085,44.0524793197085,-123.0939171302915,ChIJh35nmr3jwFQRuSSHefRzR9s
45.3559032,-122.8413416,45.35719148029149,-122.8399146197085,45.3544935197085,-122.8426125802915,ChIJmVyN8GI4lVQRYe0b-7_uYsY
44.0534966,-123.1676695,44.0549342302915,-123.1663205197085,44.0522362697085,-123.1690184802915,ChIJG70EpRQZwVQRNGFsIkVzWm4
45.95052389999999,-118.4109106,45.9518804802915,-118.4097268,45.9491825197085,-118.414462,ChIJnfO1QkVbolQRTwoWwKQQstU
44.98906,-123.0765572,44.9904030802915,-123.0754592697085,44.98770511970851,-123.0781572302915,ChIJgQL5OxtVlVQRbiom-qBsGc8
45.37868439999999,-123.035577,45.37968509999999,-123.0341985197085,45.37568230000001,-123.0368964802915,ChIJ3w5KDFlFFmgRQlkhda-ySCo
44.3135828,-123.3270708,44.31455598029149,-123.3261282197085,44.3118580197085,-123.3288261802915,ChIJnQpri35UwFQRS1abjzcudzA
45.9777633,-123.9326679,45.9791950302915,-123.9314076697085,45.9764970697085,-123.9341056302915,ChIJN1UMuV-hlFQRbbr4qnbGwgE
45.2725445,-123.0139036,45.2738805302915,-123.0122692197085,45.2711825697085,-123.0149671802915,ChIJ5RySJw1BlVQR2b5SEyXeF8A
45.7116124,-121.5243466,45.7128911802915,-121.5229933197085,45.7101932197085,-121.5256912802915,ChIJ3z2OI1IPllQREYGAraLyt4w
44.9508342,-123.3170928,44.9521806302915,-123.3157483197085,44.9494826697085,-123.3184462802915,ChIJ193bfNCp6lQRSpMFXAXMMG0
44.60107099999999,-123.407959,44.60238478029151,-123.4065165697085,44.59968681970851,-123.4092145302915,ChIJoUqBh3I5wFQRPDXnKRQdUOA
45.77530969999999,-122.5256257,45.77666498029149,-122.5242096197085,45.77396701970849,-122.5269075802915,ChIJIUClk2i0lVQR69_8q8pBhyQ
45.3462094,-123.0168932,45.34761428029149,-123.0155563197085,45.3449163197085,-123.0182542802915,ChIJqWJnw1kVlVQRsxOCFStREcs
44.9262902,-123.028373,44.9278901802915,-123.0270961697085,44.9251922197085,-123.0297941302915,ChIJz8JJvEb_v1QR8A_pMK8EuWI
44.2370092,-123.3641519,44.23842233029149,-123.3629984197085,44.23572436970849,-123.3656963802915,ChIJRxbsyI6qwVQR68jzJSNcR_8
45.2944378,-123.177438,45.2956735302915,-123.1760977697085,45.29297556970851,-123.1787957302915,ChIJS_uq-WI4lVQRwUzkXW1wpVI
45.2323887,-122.7557347,45.2337589302915,-122.7544759197085,45.2310609697085,-122.7571738802915,ChIJP9uioRNmlVQRsAvb67ojf7k
43.2264822,-123.4658524,43.2274177802915,-123.4644733197085,43.2247198197085,-123.4671712802915,ChIJE2DTtToWxFQRDv-TK9ohz2Q
44.5612228,-123.2609174,44.5626206802915,-123.2597462197085,44.5599227197085,-123.2624441802915,ChIJJ3JjMpBBwFQRZm9Z7i2UNRA
46.01271999999999,-118.370401,46.0140442302915,-118.3689985197085,46.0113462697085,-118.3716964802915,ChIJH5S1EzVColQR8lHZ-Cfcytc
45.300106,-122.9772978,45.3014905302915,-122.9758745697085,45.2987925697085,-122.9785725302915,ChIJYVRuMtJBlVQR-4Qm9n-t948
45.362353,-122.6864738,45.3637062802915,-122.6850108197085,45.3610083197085,-122.6877087802915,ChIJrSV5hStylVQRVsVjdMUMjrg
45.1152863,-123.2072089,45.11677228029151,-123.2058586197085,45.11407431970851,-123.2085565802915,ChIJcSAMxZFNlVQRHirVNIYg7HI
45.656878,-121.548293,45.6582057802915,-121.5469433697085,45.6555078197085,-121.5496413302915,ChIJ5Tw2bc4IllQRH7nzkDOWI9c
45.4131534,-122.8654933,45.4147419302915,-122.8639270197085,45.4120439697085,-122.8666249802915,ChIJ2QwDNWA4lVQR_hBG9XuIPlg
45.1481051,-123.307598,45.1494037302915,-123.3064967197085,45.1467057697085,-123.3091946802915,ChIJMRYV56ZMlVQRq_z7DoE-utQ
44.7474403,-124.0641708,44.7486598302915,-124.0628833197085,44.7459618697085,-124.0655812802915,ChIJVxpUiTF86lQR592pZCGv_7s
45.30198049999999,-123.0461704,45.3033885302915,-123.0450412197085,45.3006905697085,-123.0477391802915,ChIJm3c7lPRAlVQRuaHtEOs-UN4
46.0694676,-118.3359568,46.07075208029149,-118.3345600697085,46.06805411970849,-118.3372580302915,ChIJ83cw1mRqolQRhqvOeqZuGzY
45.29769599999999,-123.1198733,45.2989948802915,-123.1185257697085,45.2962969197085,-123.1212237302915,ChIJ-3NYYMJIlVQRVHh3ddXKYZ8
45.2627146,-123.058269,45.26404653029149,-123.0570214197085,45.2613485697085,-123.0597193802915,ChIJg3LouDRBlVQRXybsvH0J5L0
45.48979500000001,-122.6420206,45.4912351802915,-122.6409169697085,45.4885372197085,-122.6436149302915,ChIJoc13x4UKlVQRJAwTaz9AUcA
45.1156988,-123.2066417,45.1169772302915,-123.2052885697085,45.1142792697085,-123.2079865302915,ChIJr7IS6pFNlVQRpCokpT1khU8
45.573403,-121.2608319,45.57481139999999,-121.2589814697085,45.56917780000001,-121.2616794302915,ChIJD54X5EEdllQRkVi4ELL_S98
47.731443,-122.1419907,47.73275003029151,-122.1407112197085,47.73005206970851,-122.1434091802915,ChIJp9SrJLMNkFQRFQANJQUc8fM
45.2823915,-123.1126445,45.2837294802915,-123.1112522697085,45.2810315197085,-123.1139502302915,ChIJs4Aidk9HlVQRc_xoeCF1iPE
43.1456394,-123.3719272,43.1469825302915,-123.3706709697085,43.1442845697085,-123.3733689302915,ChIJY3KvPRoKlVQRH78GVMTt2mE
42.33128960000001,-122.820383,42.33247418029151,-122.8190344697085,42.32977621970851,-122.8217324302915,ChIJHwFwV4l6z1QRRdDZLaKjH-8
45.30006319999999,-123.1826367,45.30154533029149,-123.1812856697085,45.29884736970849,-123.1839836302915,ChIJh8ci4y0iVUAROOrRxlFbR9E
45.0069708,-123.2183039,45.0083873802915,-123.2171313197085,45.0056894197085,-123.2198292802915,ChIJKd2kUOKp6lQRY1WIzI2s7eo
45.2777804,-123.0105677,45.27909268029151,-123.0091919697085,45.27639471970851,-123.0118899302915,ChIJ-drpIApBlVQR9Z9q79A9WNM
45.4505291,-122.88362,45.4517422302915,-122.8825366197085,45.4490442697085,-122.8852345802915,ChIJMxAl8A8SlVQRfRr6ogGZUos
45.2736648,-123.0149788,45.2750958802915,-123.0136527197085,45.2723979197085,-123.0163506802915,ChIJjU7rglVAlVQRrOrZ25d-0As
45.3246331,-123.1528034,45.3260139802915,-123.1515212197085,45.32331601970851,-123.1542191802915,ChIJI1gCFNE4lVQRTSZ9qlOCZkQ
45.13518529999999,-123.1217591,45.1364758302915,-123.1204808197085,45.1337778697085,-123.1231787802915,ChIJRatAJyxOlVQRa1sAj8gtcw8
45.2910759,-123.033772,45.29265408029149,-123.0325632197085,45.28995611970849,-123.0352611802915,ChIJPco6-MpBlVQRaIW445WcQAs
46.1721497,-118.2026999,46.17351473029149,-118.2013376697085,46.1708167697085,-118.2040356302915,ChIJhb0xFssWolQRaVb4OItxb7c
45.3518222,-123.1886186,45.35317078029151,-123.1873415697085,45.35047281970851,-123.1900395302915,ChIJr4Nu2lE5lVQREHqOeLEE2pM
43.53892099999999,-123.211883,43.54026998029149,-123.2105340197085,43.53757201970849,-123.2132319802915,ChIJg3ohQ-KxxlQRMNzBxXHPFdo
44.9811398,-123.1525208,44.9823712302915,-123.1512982697085,44.9796732697085,-123.1539962302915,ChIJw337KcGq6lQRXW_-_DUuqf0
42.1673999,-122.6589563,42.1690268802915,-122.6571852197085,42.1663289197085,-122.6598831802915,ChIJFS-qzGUMz1QRNmJrtKO9_pE
45.127916,-123.193621,45.1294984802915,-123.1922068697085,45.1268005197085,-123.1949048302915,ChIJJY-MdOhNlVQRCqCbnKtdtKM
45.461258,-122.9810263,45.4625874302915,-122.9797003197085,45.45988946970851,-122.9823982802915,ChIJ1zXRoBARlVQRpiVR2qIODsw
44.898687,-117.518857,44.89987173029149,-117.51711755,44.8971737697085,-117.52407535,ChIJz08s2X9fpFQRe6F8Uf4P0Gc
44.98580250000001,-123.2786768,44.9869107,-123.2743682,44.98247789999999,-123.280113,ChIJS7CEVv2r6lQRX3LpQbbaWa8
45.48670629999999,-122.647605,45.48805488029149,-122.6461419697085,45.48535691970849,-122.6488399302915,ChIJmymB744KlVQRBuxVe1iC9Ao
44.87661019999999,-123.1424193,44.8777893302915,-123.1406887197085,44.8750913697085,-123.1433866802915,ChIJ-7nIyYkDwFQRjebO6KnKurk
44.411645,-121.1966535,44.4129827802915,-121.1955379,44.4102848197085,-121.2000003,ChIJHXICnnzXvlQRRtxLRomdp7g
45.682534,-121.371914,45.68371378029149,-121.3705054697085,45.68101581970849,-121.3732034302915,ChIJg4dXBoIallQR_zn_01-z-h0
44.9177475,-123.0377056,44.9190936802915,-123.0364803197085,44.9163957197085,-123.0391782802915,ChIJ97hyN1f_v1QRWQP79-TsGHY
42.24195460000001,-123.2720098,42.2433149302915,-123.2711361197085,42.2406169697085,-123.2738340802915,ChIJ3fBxYM6Oz1QRB3X4VoekgI0
43.987066,-122.99515,43.9886383302915,-122.9932681197085,43.9859403697085,-122.9959660802915,ChIJkeT9BsghwVQRooOxSS2xBoc
45.2295972,-122.7712727,45.2315116802915,-122.768423,45.2288137197085,-122.7722226,ChIJr6MiNDlmlVQRFlvNeU6gxDo
45.2772785,-122.855822,45.2786665302915,-122.8544895197085,45.2759685697085,-122.8571874802915,ChIJObZutQtplVQRc95atPynNYE
42.260736,-122.8341381,42.2617127302915,-122.8327921697085,42.2590147697085,-122.8354901302915,ChIJNziyq8N2z1QRiFY5u5VT9Jw
44.051694,-121.3143764,44.0530329802915,-121.3129368197085,44.0503350197085,-121.3156347802915,ChIJP4VAOyzGuFQRoRRZtu814k8
45.3462159,-123.137124,45.3475627802915,-123.1355992197085,45.3448648197085,-123.1382971802915,ChIJG-ar2Nw-lVQR6USmzpbcALg
44.797013,-123.036836,44.7985215302915,-123.0352337197085,44.7958235697085,-123.0379316802915,ChIJYX7lCRMPwFQRD1ZOb5uOGd0
45.6546306,-121.5102377,45.6559786802915,-121.5087465697085,45.6532807197085,-121.5114445302915,ChIJlzpaZkMPllQR4HWKqYGmRk4
45.3143802,-123.0856744,45.3156404802915,-123.0840153697085,45.31294251970851,-123.0867133302915,ChIJq_WgYeA_lVQRK4Mw62biIqw
45.9328571,-118.4636716,45.9342060802915,-118.4623226197085,45.9315081197085,-118.4650205802915,ChIJWZoKZptcolQRivJ_FWLxv-8
45.30134899999999,-123.0569536,45.3028274802915,-123.0554377197085,45.3001295197085,-123.0581356802915,ChIJvcqlCJM_lVQRlVAiOhWcvfc
44.9266499,-123.2293178,44.92798663029149,-123.2276418697085,44.92528866970849,-123.2303398302915,ChIJzd0nYwkCwFQRHiV267ogaRY
45.3486851,-122.892875,45.3501360802915,-122.8915420197085,45.3474381197085,-122.8942399802915,ChIJlavJJWRrlVQRZ1HT7t4_eho
46.063531,-118.338192,46.0649743302915,-118.3369686697085,46.0622763697085,-118.3396666302915,ChIJizAkYntqolQRInv0lIr_HBA
46.01332969999999,-118.2239252,46.01453953029149,-118.2228936197085,46.01184156970849,-118.2255915802915,ChIJnxAqiLpAolQRYp3YWBF_pgM
45.3022333,-122.9789191,45.3034416802915,-122.9775727697085,45.3007437197085,-122.9802707302915,ChIJx77uGtNBlVQRKiXh1vPoalE
45.2215923,-123.0769483,45.22282658029149,-123.0754693197085,45.2201286197085,-123.0781672802915,ChIJO4UrqtJFlVQRaT-BcJSNnFk
45.33957999999999,-122.995384,45.3407521802915,-122.9942887697085,45.3380542197085,-122.9969867302915,ChIJQczporJqlVQRb0uEreTi1u8
45.7086461,-121.5151932,45.7101088302915,-121.5138608197085,45.7074108697085,-121.5165587802915,ChIJkxfV22gOllQRsg6ngubxivI
44.8403528,-123.0660667,44.8417900302915,-123.0645981697085,44.83909206970851,-123.0672961302915,ChIJQyL0UGwGwFQRQtDrFihiRFc
45.30008979999999,-122.9731879,45.3015442302915,-122.9719056697085,45.29884626970851,-122.9746036302915,ChIJP_hjUdFBlVQRZPs2XC3UvF8
45.2725028,-123.0161155,45.27390613029149,-123.0148881197085,45.27120816970849,-123.0175860802915,ChIJjfrmag1BlVQRyt1G08zIflU
46.0677004,-118.3403734,46.0689647302915,-118.3393182197085,46.0662667697085,-118.3420161802915,ChIJL6KKj2NqolQR90myUsfIS2c
45.210649,-123.1954995,45.2120372802915,-123.1940499697085,45.2093393197085,-123.1967479302915,ChIJq6r6Gt1IlVQRAhuIwhs2-rc
42.320584,-122.95276,42.32193813029149,-122.9515114197085,42.31924016970849,-122.9542093802915,ChIJc34l0f14z1QR88DEkRkLZyE
44.81533,-123.158737,44.81677368029149,-123.1571427697085,44.81407571970849,-123.1598407302915,ChIJBx6kbiIFwFQRA8iCQBEK__c
45.32015430000001,-122.8552303,45.3214577302915,-122.8534312197085,45.31875976970851,-122.8561291802915,ChIJD8AtMrJrlVQRUuqG5P1zHFI
45.3458547,-123.0722172,45.34724668029151,-123.0706760197085,45.34454871970851,-123.0733739802915,ChIJXT9rlro_lVQRRzZTgr07ir4
43.3006163,-123.4516365,43.3015157302915,-123.4502831697085,43.2988177697085,-123.4529811302915,ChIJP6YY-PUZxFQRcNX4gfED1dY
45.33192500000001,-123.106774,45.33260820000002,-123.1054403697085,45.32987539999998,-123.1081383302915,ChIJC6Ie_E8MlVQROovkNZLri9U
45.349256,-123.070286,45.3506003802915,-123.0689370697085,45.3479024197085,-123.0716350302915,ChIJKVO0arc_lVQRSCndWbzWNu0
45.3385536,-123.0496957,45.33986273029151,-123.0485743697085,45.33716476970851,-123.0512723302915,ChIJIz-YbpM_lVQRexwuDEhzCB0
45.34979979999999,-123.0495295,45.3511482302915,-123.0480296197085,45.3484502697085,-123.0507275802915,ChIJ24f4QNc_lVQRYnXv6Aepxo8
42.501916,-122.976914,42.5032642302915,-122.97318695,42.5005662697085,-122.97815635,ChIJMedv2lSPxVQRxoiM8PE1QKQ
45.2787803,-123.0098752,45.28017498029149,-123.0086380197085,45.27747701970849,-123.0113359802915,ChIJMTSRWtFBlVQRsvwSfNM8hYQ
44.9696864,-123.1474613,44.9708028302915,-123.1463809697085,44.9681048697085,-123.1490789302915,ChIJ667WJLyq6lQRqUtfOrHktqM
45.6215215,-122.4896614,45.6227357802915,-122.4883080697085,45.6200378197085,-122.4910060302915,ChIJZ6WqoS-7lVQRfGX_DfF6PYc
45.6578627,-121.5131223,45.65921128029149,-121.5119888697085,45.65651331970849,-121.5146868302915,ChIJV_i-T0APllQRK60hA4R_GdY
45.368138,-123.0816879,45.3693578802915,-123.0803651697085,45.3666599197085,-123.0830631302915,ChIJD8TDcjk-lVQRFKIJquVRyUA
46.0218622,-118.3601944,46.0232126802915,-118.3590897697085,46.02051471970851,-118.3617877302915,ChIJMbZClyZColQRoCmy4vsZnkY
46.067392,-118.339795,46.0687554802915,-118.3384965697085,46.0660575197085,-118.3411945302915,ChIJkQBNCmNqolQR2zIse4oZPp0
46.02515220000001,-118.3906377,46.0264017802915,-118.3894168197085,46.0237038197085,-118.3921147802915,ChIJz6wYvLhDolQRAe3glSB7T24
46.0675158,-118.3404913,46.0688953302915,-118.3393771697085,46.0661973697085,-118.3420751302915,ChIJ83cw1mRqolQRd-UL5pN_BZE
45.245624,-122.888048,45.2469712802915,-122.8865984697085,45.2442733197085,-122.8892964302915,ChIJORn4Td0eVUARiROwdEXJlPw
44.9873729,-123.3165185,44.98870588029149,-123.3152871697085,44.98600791970849,-123.3179851302915,ChIJDyZ86Giv6lQRLqRyDloP0sA
45.1406389,-123.0969411,45.1420181802915,-123.0956786197085,45.1393202197085,-123.0983765802915,ChIJ0ZownihQlVQRRVUlJPaayio
45.70899439999999,-121.5177869,45.71033208029149,-121.5159341197085,45.7076341197085,-121.5186320802915,ChIJZ6AHCOsPllQRjruovWZUfYM
45.66870350000001,-121.5429986,45.66960948029151,-121.5416494697085,45.66691151970851,-121.5443474302915,ChIJg-OAKzYPllQRo25JEjZ9WPs
45.1356946,-123.2045307,45.1371177802915,-123.2033365197085,45.1344198197085,-123.2060344802915,ChIJNfLJ0tNBlVQRaXMqrVHipf8
43.4097549,-123.1644194,43.41110423029149,-123.1631096697085,43.4084062697085,-123.1658076302915,ChIJnxiO9LqlxlQRC5JJ6uUzjFc
45.26946199999999,-123.021663,45.2709544302915,-123.0203140197085,45.2682564697085,-123.0230119802915,ChIJDS0FUZhIlVQR16W24FOoMMk
46.0064466,-118.2754423,46.0074746802915,-118.2742619697085,46.0047767197085,-118.2769599302915,ChIJracuZCFBolQR5rXpNAcFYTQ
45.113419,-123.115557,45.1147775802915,-123.1142803197085,45.1120796197085,-123.1169782802915,ChIJuw-UYzpVlVQRaSPlPUgobKw
42.2329665,-123.0560363,42.23642654999998,-123.0546728697085,42.23181315000001,-123.0573708302915,ChIJiYMYzk-bz1QRy5PgISkGcd8
45.7384932,-121.5580406,45.7398452802915,-121.5569679197085,45.7371473197085,-121.5596658802915,ChIJ_ezN9eYNllQR32-v_cmI_UM
45.2920408,-123.2192321,45.2934037302915,-123.2180155697085,45.2907057697085,-123.2207135302915,ChIJZZmKZNI5lVQRKfnej3r7FwQ
45.731947,-121.594287,45.73326988029149,-121.5929407697085,45.7305719197085,-121.5956387302915,ChIJy2h831wMllQRpqjcFOhmzAE
45.5993238,-121.1771086,45.6006210802915,-121.1756427697085,45.5979231197085,-121.1783407302915,ChIJMflGyHYellQRpfPjpSOApmk
45.5077551,-123.1035922,45.5090472302915,-123.1022052197085,45.5063492697085,-123.1049031802915,ChIJdRf0IoUZlVQRn_I4Ku4wvFw
42.3138072,-122.9677313,42.3151817802915,-122.9664740197085,42.3124838197085,-122.9691719802915,ChIJ-S-78vN4z1QRQt5YVZ9DqBQ
45.248803,-123.233355,45.24994228029149,-123.2317255697085,45.24724431970849,-123.2344235302915,ChIJuTjDijtIlVQR1FyMTnlO_Fk
42.2443258,-122.7884062,42.2457113302915,-122.7871021197085,42.2430133697085,-122.7898000802915,ChIJm9OpBe51z1QRRFD6xsqWxbI
45.2810097,-123.0274352,45.2823021802915,-123.0260306197085,45.2796042197085,-123.0287285802915,ChIJAc2S3ARBlVQR2AN-m1_KbnM
44.1745532,-123.3221863,44.1760074302915,-123.3210380697085,44.1733094697085,-123.3237360302915,ChIJi3NlOmsBwVQRj0c1M6cVFQE
45.250075,-123.243255,45.2515908802915,-123.2419582,45.2488929197085,-123.2471454,ChIJzy6hUCVIlVQRQSJ3aM-oT3E
44.7770068,-117.8300117,44.7783543802915,-117.8285404697085,44.7756564197085,-117.8312384302915,ChIJC8FEpTHppFQRxUVfOt0xZvk
42.2892167,-122.8469099,42.29056368029151,-122.84447585,42.28786571970851,-122.84772125,ChIJR36aBkp3z1QRco9RayGtjxI
44.81100199999999,-123.023684,44.8125306802915,-123.0222417197085,44.8098327197085,-123.0249396802915,ChIJAzo9JZRUlVQR8WVYDGuY5Eg
45.296646,-122.8604949,45.29796133029149,-122.8591490697085,45.29526336970849,-122.8618470302915,ChIJFdNgwmNplVQRXBrRCOLMckk
45.351812,-123.05677,45.35321973029149,-123.0554928697085,45.3505217697085,-123.0581908302915,ChIJT6oEov4_lVQRhxCNjaJiN08
45.29430379999999,-123.1775415,45.2956072802915,-123.1761998697085,45.2929093197085,-123.1788978302915,ChIJaXozgbk5lVQRhjqYfacbP9U
45.2202293,-123.1948645,45.2214900802915,-123.1935165197085,45.2187921197085,-123.1962144802915,ChIJRR4EL-xIlVQRjy90DCXRlow
45.3378954,-123.133961,45.3393288302915,-123.1324953697085,45.33663086970851,-123.1351933302915,ChIJgdH-nNg-lVQRUfOiYZ2eO6g
42.12402199999999,-123.59678,42.12538928029151,-123.5954261697085,42.12269131970851,-123.5981241302915,ChIJXwBmOxT6z1QRwa7gVoYcds4
45.7250677,-121.5806291,45.7263077302915,-121.5791779197085,45.7236097697085,-121.5818758802915,ChIJuynalUAMllQRwWeACrgie20
45.9952473,-118.3881891,45.9965962802915,-118.3864213697085,45.9938983197085,-118.3891193302915,ChIJzTbmzalDolQRn6fWXh8Z4cw
45.295527,-123.042823,45.29687373029149,-123.0414961197085,45.2941757697085,-123.0441940802915,ChIJRafqU_BAlVQRTwJ8fNSq-tk
45.7386748,-121.5604728,45.7399086302915,-121.5585690197085,45.7372106697085,-121.5612669802915,ChIJ-0Twm9UNllQRRxNIoJ7XDfs
43.279169,-123.4437359,43.2799854302915,-123.4423968197085,43.2772874697085,-123.4450947802915,ChIJj2Qvl94ZxFQRzzpRcggMpY8
45.3762628,-123.1106869,45.3776737802915,-123.1093424197085,45.3749758197085,-123.1120403802915,ChIJP4oE-mI4lVQRCRDI6MT_Uvc
42.2684387,-123.1394642,42.2698632802915,-123.1384307697085,42.2671653197085,-123.1411287302915,ChIJn482gWWFz1QRoeC4noU2V9s
45.34067089999999,-123.0583472,45.3419935802915,-123.0569408697085,45.3392956197085,-123.0596388302915,ChIJTb0HSb4_lVQRuaIKtkrUNKY
46.055295,-118.272726,46.0566388802915,-118.2707240697085,46.0539409197085,-118.2734220302915,ChIJKdJPRRJAolQRH2JM3GWC6gY
42.3056196,-123.2013748,42.3069361302915,-123.2000256697085,42.3042381697085,-123.2027236302915,ChIJuYyTS0WGz1QRC365E6xUtmM
43.183132,-123.5230922,43.1844809802915,-123.5217432197085,43.1817830197085,-123.5244411802915,ChIJMe1FCzE-xFQR34kmZ5eaIhA
42.49640569999999,-122.8628295,42.4978178302915,-122.8615968197085,42.4951198697085,-122.8642947802915,ChIJV4EakXaJxVQRF83dTo7CS3k
45.33300800000001,-122.946038,45.33380393029151,-122.9446944197085,45.33110596970851,-122.9473923802915,ChIJd78D_eZqlVQRoYf_SKUbpXs
45.0367507,-123.1185135,45.0377872302915,-123.1166850197085,45.0350892697085,-123.1193829802915,ChIJXdoViGNUlVQR6tp-MEDXnNU
44.9713794,-123.1511088,44.97268053029151,-123.1497442197085,44.96998256970851,-123.1524421802915,ChIJ1UjYcdOr6lQRxWbO06g1SmE
43.6402358,-123.5749082,43.6415107802915,-123.5736572197085,43.6388128197085,-123.5763551802915,ChIJDehEUQpXwVQR496oID9kAVM
43.3430589,-123.475413,43.34440963029149,-123.47217735,43.34171166970849,-123.47649155,ChIJAwLT4cEbxFQRQrvlXDxgPQg
45.73260499999999,-121.30566,45.7339541802915,-121.3045693197085,45.7312562197085,-121.3072672802915,ChIJ3XEPKxEXllQRwWy8TFdufHk
45.1073289,-123.1347991,45.1086267302915,-123.1333518697085,45.1059287697085,-123.1360498302915,ChIJE2iZAPj9VEARnCp655KGURc
45.54759300000001,-123.1572525,45.5489411802915,-123.1558889697085,45.5462432197085,-123.1585869302915,ChIJbTJ1IK8elVQRELHLlNMv_ro
43.270681,-123.4980038,43.2721275802915,-123.4966609697085,43.2694296197085,-123.4993589302915,ChIJ_2TqDSQXxFQRjbWMXQdeF_c
45.7090566,-121.512944,45.7103093802915,-121.5115853697085,45.7076114197085,-121.5142833302915,ChIJY4qS1W4OllQRvAyS2AuKE98
45.62418,-122.6788253,45.62558388029149,-122.6774562697085,45.6228859197085,-122.6801542302915,ChIJ547vf8OplVQRduEbGogxb6s
45.028619,-123.1549271,45.0305457802915,-123.15188645,45.02784781970851,-123.15594065,ChIJAzzFOC9VlVQRQozyLqf3FaU
45.648756,-121.484358,45.6504936802915,-121.4830083697085,45.6477957197085,-121.4857063302915,ChIJWY5lzokFllQRb18ZGsLXVR4
45.277088,-123.0121267,45.27835083029149,-123.0106088197085,45.27565286970849,-123.0133067802915,ChIJgxtG2wtBlVQRLnXDlBrtBGw
44.0048714,-122.9884298,44.0062200302915,-122.9870555197085,44.0035220697085,-122.9897534802915,ChIJa-saRvHfwFQRizIwIlNzfcA
45.313505,-122.9168526,45.3147840302915,-122.9156551197085,45.3120860697085,-122.9183530802915,ChIJ7cZV901qlVQR512cTmU2Nik
45.037171,-123.152666,45.03859423029149,-123.1513150697085,45.03589626970849,-123.1540130302915,ChIJTQl1eZ5UlVQRV8qLKvhmJg0
44.0929459,-123.3705393,44.0942818802915,-123.3694687697085,44.0915839197085,-123.3721667302915,ChIJ36P7AXQFwVQRKGN8GaJT4x0
43.6367731,-123.5667941,43.63819203029151,-123.5655321697085,43.63549406970851,-123.5682301302915,ChIJqWMMtbRXwVQRS9LGoRP-Ukk
45.3719357,-122.9104019,45.3732058302915,-122.9087695697085,45.3705078697085,-122.9114675302915,ChIJIVweGlYTlVQR_NyQpg103p4
45.2674803,-123.0201565,45.2688615802915,-123.0188832697085,45.2661636197085,-123.0215812302915,ChIJA2FQfmxBlVQRmuceABxatAw
45.5308628,-122.6863239,45.53214088029149,-122.6849671697085,45.52944291970849,-122.6876651302915,ChIJQc7NZ9xAlVQRsPdFmBScgO8
45.3797401,-122.9363463,45.3812818302915,-122.9347915697085,45.3785838697085,-122.9374895302915,ChIJWw3xEO4SlVQRfhGtgZ_xMVI
42.3383302,-123.2875828,42.3394079802915,-123.2863443697085,42.33671001970851,-123.2890423302915,ChIJMQHvH0d9xVQRD3r8DQ3fr3Y
43.24152099999999,-123.397627,43.2426051302915,-123.3963509697085,43.2399071697085,-123.3990489302915,ChIJYZmduwEYxFQRqyBPC7ML7lg
46.02915509999999,-118.3353139,46.03050358029149,-118.3341818197085,46.0278056197085,-118.3368797802915,ChIJAQAcT5FBolQR0X-6RLStHik
45.74942,-122.6142594,45.7504818302915,-122.6128697197085,45.7477838697085,-122.6155676802915,ChIJ02zSuiyzlVQR0YmPG6wfkpU
46.0913303,-118.2722275,46.0927604302915,-118.2710386197085,46.0900624697085,-118.2737365802915,ChIJUwmbTltrolQR-8kMGCvVUBk
45.72194710000001,-119.1918038,45.72329608029151,-119.1904548197085,45.72059811970851,-119.1931527802915,ChIJ22vW2sjFolQRohtq-192_d0
44.8628975,-123.1350977,44.8708057038459,-123.1190902762286,44.85498820969271,-123.1511051237714,ChIJeXwabRoEwFQR6JBLaAVwjdE
45.2790245,-123.0430755,45.2804214302915,-123.0416486197085,45.2777234697085,-123.0443465802915,ChIJRQkXUR9BlVQRWxxQPPIxONE
45.32134489999999,-122.6833729,45.3227515302915,-122.6820486197085,45.3200535697085,-122.6847465802915,ChIJeQ9y-9FxlVQRyiTpyZwZPPg
46.088215,-118.20394,46.0895631802915,-118.2019491197085,46.0868652197085,-118.2046470802915,ChIJmRfDgyg-olQRbdat-p7Asbs
45.3175,-122.9111111,45.3186816302915,-122.9099193197085,45.3159836697085,-122.9126172802915,ChIJdwZiaalrlVQR_3yijyeh2g4
45.3430918,-123.0713623,45.3444371802915,-123.0700942697085,45.3417392197085,-123.0727922302915,ChIJw-qQWLo_lVQReBXhIUASf7k
45.307989,-123.030099,45.31021199999998,-123.0287521197085,45.307248,-123.0314500802915,ChIJuXKqgmdAlVQRiNqTtgHGRXI
45.2098269,-123.1966257,45.2112708302915,-123.1952815697085,45.2085728697085,-123.1979795302915,ChIJ8cGtrd1IlVQR-Ci9Ek8RUdI
45.9326346,-118.3877435,45.93397453029151,-118.3864240197085,45.93127656970851,-118.3891219802915,ChIJoaComsxEolQRusda6j36jVw
45.6238915,-122.6790774,45.6252037302915,-122.6778647697085,45.6225057697085,-122.6805627302915,ChIJdWDWz2CplVQRaFpRLeDEwO8
45.2780408,-123.0490814,45.28000678029149,-123.0477690197085,45.2773088197085,-123.0504669802915,ChIJgflueyBBlVQRjvQePp_Yts4
44.95783319999999,-122.8684826,44.9592057302915,-122.8671293697085,44.9565077697085,-122.8698273302915,ChIJ0WqRrXv7v1QRRW4uXuXu8s8
45.48715840000001,-122.6476872,45.48852958029151,-122.6463613197085,45.48583161970851,-122.6490592802915,ChIJl95UgqaglVQRSRPQqpfXGo8
43.2720437,-123.4274503,43.2734119802915,-123.4255998197085,43.2707140197085,-123.4282977802915,ChIJb2D4NdIZxFQRQYY35CayE9I
45.30002899999999,-123.1800965,45.3014628802915,-123.1788348697085,45.2987649197085,-123.1815328302915,ChIJRYtSoIo4lVQRnyG2b9Mx_AI
45.3509099,-123.1382918,45.3522893802915,-123.1370106197085,45.3495914197085,-123.1397085802915,ChIJgcBeyek-lVQRkvAZEPovAPI
45.27168,-122.934462,45.27555705,-122.9333172197085,45.27038765,-122.9360151802915,ChIJTwb5UQFClVQRrFHeMW7XtgA
45.73102209999999,-121.6079312,45.73230713029149,-121.6067027197085,45.7296091697085,-121.6094006802915,ChIJ_UakGWQMllQRNgiEOSHJE6I
45.69001129999999,-121.3766698,45.69141578029149,-121.3752900697085,45.6887178197085,-121.3779880302915,ChIJc1og-nwQllQREipN_ZWqFZI
44.96897800000001,-123.150937,44.9708365302915,-123.14801125,44.96813856970851,-123.15191225,ChIJB2XPc1ur6lQRBdlm9vrLMt4
45.3022132,-123.1330157,45.30359713029151,-123.1317472697085,45.30089916970851,-123.1344452302915,ChIJUygBx6U4lVQR1XlqbDx6gFA
46.0243322,-118.3512597,46.0254912302915,-118.3499082197085,46.0227932697085,-118.3526061802915,ChIJNXt3qIlBolQRKpqoPpVmWA4
45.6123291,-121.5485049,45.61367798029149,-121.5470607697085,45.61098001970849,-121.5497587302915,ChIJT8hzlUwHllQRi9bkzj6LCk0
43.25732439999999,-123.4667794,43.25867333029149,-123.4650503697085,43.25597536970849,-123.4677483302915,ChIJM8-_ggkXxFQR_HUPSl6d6no
45.33507899999999,-123.067052,45.33641793029149,-123.0655866197085,45.33371996970849,-123.0682845802915,ChIJe0yLlLA_lVQRSsUU-O1x9E4
45.034548,-123.120539,45.0357029302915,-123.1183811,45.0330049697085,-123.1212583,ChIJc_63w2NUlVQRRLZSucY1fN8
45.2152632,-123.1876709,45.2163793802915,-123.1858968197085,45.2136814197085,-123.1885947802915,ChIJRXq9CepIlVQRXyG0Ec7L3zU
45.9317295,-118.4593742,45.93307848029151,-118.4580252197085,45.93038051970851,-118.4607231802915,ChIJG-KmkjdbolQRzKfXk7XQTk0
44.8775244,-123.3009208,44.87836009999999,-123.3000934,44.8750173,-123.303403,ChIJYSRNsDsdwFQRt0vCXZNq3lw
45.322996,-122.9157493,45.3248706802915,-122.9143681197085,45.3221727197085,-122.9170660802915,ChIJeeGyWKprlVQREXCP2PjjQJ0
45.4152601,-122.6624858,45.4167380302915,-122.6611131697085,45.41404006970851,-122.6638111302915,ChIJ7ywK8g91lVQRRRsqpJuZCN4
46.066972,-118.3382276,46.0684004302915,-118.3369471197085,46.0657024697085,-118.3396450802915,ChIJly6JF2NqolQRggxngApCIEU
42.2963678,-122.8143261,42.2977741802915,-122.8129742197085,42.2950762197085,-122.8156721802915,ChIJE1_ODyV6z1QRmI5rQbJtK7A
45.20989519999999,-123.193814,45.2113083802915,-123.1924968697085,45.2086104197085,-123.1951948302915,ChIJPali3dxIlVQRq_1dgXOMV5o
45.0068924,-122.6519294,45.0082725802915,-122.6505591197085,45.0055746197085,-122.6532570802915,ChIJq5Qz1B3nv1QRuegBpJWgZoc
44.874505,-123.2924392,44.87552535,-123.2915303697085,44.87144395,-123.2942283302915,ChIJ8fJ9-CUdwFQRfHfqKYpLjiM
46.003999,-118.371124,46.0053481302915,-118.3697831697085,46.0026501697085,-118.3724811302915,ChIJHS4R2bRDolQRmcn4y57rjdI
45.65741719999999,-121.5510157,45.65850313029149,-121.5497015697085,45.65580516970849,-121.5523995302915,ChIJVfoLb8wIllQRXNRmQF_Xdt0
45.5054674,-122.6154735,45.50672763029151,-122.6141136197085,45.50402966970851,-122.6168115802915,ChIJS_q6kb-nlVQRGBBGYXAeYZw
44.5582213,-123.3576376,44.5596856302915,-123.3566637697085,44.5569876697085,-123.3593617302915,ChIJ1_Wx2YM4wFQR_XpeBVyu5OY
44.224603,-123.348823,44.2259422302915,-123.3475344197085,44.2232442697085,-123.3502323802915,ChIJtZ1VYr0BwVQRlCSl7t89XiQ
46.010507,-118.3171553,46.0118465802915,-118.3156514197085,46.0091486197085,-118.3183493802915,ChIJQUxm43FBolQRCvxqD5EwU6U
46.08899539999999,-118.2746958,46.0902368302915,-118.2734614697085,46.0875388697085,-118.2761594302915,ChIJcaDn50gVolQRyilMnYgQfSA
45.1805222,-123.3314922,45.1818664302915,-123.3302577697085,45.1791684697085,-123.3329557302915,ChIJs8lYqgVLlVQR11eksO7l_-k
45.7086516,-121.5139728,45.7101077302915,-121.5126235197085,45.70740976970851,-121.5153214802915,ChIJp3VeV5cPllQRYZuQcpsyd9o
43.9566698,-123.2791353,43.95737903029149,-123.27140055,43.9546810697085,-123.28171355,ChIJ6VDhna8XwVQRmtaFV9B8YnA
42.2467865,-123.0746225,42.24795348029149,-123.0733620697085,42.24525551970849,-123.0760600302915,ChIJ-U6JGsKFz1QRARMuqdX1vU0
45.28889400000001,-123.046728,45.2902336302915,-123.0459319197085,45.2875356697085,-123.0486298802915,ChIJITEeP-RAlVQRXFBixbMv9yE
45.2634553,-122.6056565,45.2647989802915,-122.6042430197085,45.26210101970851,-122.6069409802915,ChIJBeD_m8R6lVQRoiirtxSFVoY
45.346823,-123.0745607,45.3481437302915,-123.0731964697085,45.3454457697085,-123.0758944302915,ChIJeXrjc3Q_lVQRpVINbOBBcyU
46.013527,-118.3601145,46.0145902802915,-118.3587592197085,46.01189231970851,-118.3614571802915,ChIJQXewxnhDolQRj4yrsvTkKmg
45.8908978,-118.2905819,45.8928188802915,-118.28836085,45.8901209197085,-118.29132225,ChIJ83oIuvdPolQRgB3Cnu6iFwU
44.53892129999999,-123.3750808,44.54041513029149,-123.3737172197085,44.53771716970849,-123.3764151802915,ChIJaTnDY41HwFQR-TUbi97kJ98
45.3870262,-122.674398,45.38870213029149,-122.6727317197085,45.3860041697085,-122.6754296802915,ChIJ_ZDTaZZzlVQRBnA2k9StH8M
46.08723070000001,-118.2018023,46.0883379302915,-118.2006346197085,46.0856399697085,-118.2033325802915,ChIJIbAzGyY-olQRlnNp1PpPETo
44.9935081,-123.2240778,44.99491803029149,-123.2228304697085,44.99222006970849,-123.2255284302915,ChIJkaHszW2r6lQRNe-crjrns5o
44.67100999999999,-123.146152,44.67236473029149,-123.1443676197085,44.66966676970849,-123.1470655802915,ChIJJyem-IMTwFQRIDvFuH85wfM
43.8443057,-123.2374215,43.8457322302915,-123.2358976697085,43.8430342697085,-123.2385956302915,ChIJ6ZuxtUU5wVQRaY0SGjmwKG8
45.4926758,-123.1333762,45.4939993802915,-123.1320168697085,45.4913014197085,-123.1347148302915,ChIJSURVF7EZlVQRZh2GowxvRtk
45.088243,-123.105464,45.08928005,-123.1041385197085,45.08513185000001,-123.1068364802915,ChIJaVX-dQxBlVQRCyWLrKtYfy8
45.40991499999999,-123.169763,45.4115253302915,-123.1679855697085,45.4088273697085,-123.1706835302915,ChIJxfXQ_qk9lVQRp-9f7WTc1j4
45.293395,-123.1767529,45.2947468802915,-123.1755420197085,45.2920489197085,-123.1782399802915,ChIJ5fhwQ2I4lVQRphdyVnYkmUA
45.459381,-123.020885,45.4602954802915,-123.0195368197085,45.4575975197085,-123.0222347802915,ChIJ8_N1cNUQlVQRSYyiE3YAxAU
45.272334,-123.0405413,45.2737629802915,-123.0390183697085,45.27106501970851,-123.0417163302915,ChIJjWfFMPRxlVQRNDtWu1ntKOY
45.9594209,-118.3730035,45.96029968029151,-118.3716483697085,45.95760171970851,-118.3743463302915,ChIJga3v3IxckFQRHMwS15rAgvE
43.9569919,-123.2644798,43.9583365302915,-123.2632785197085,43.9556385697085,-123.2659764802915,ChIJy_a53boXwVQR78AS7xGt6S0
45.4152778,-123.1852778,45.4168141302915,-123.1840325697085,45.41411616970851,-123.1867305302915,ChIJYUZE8AI9lVQRTAz6NWyDEk0
44.87651899999999,-123.1423833,44.87771678029149,-123.1406946197085,44.87501881970849,-123.1433925802915,ChIJya6ZzxYDwFQRlTxVXAG4v44
45.256041,-123.056529,45.2574432802915,-123.0551555197085,45.2547453197085,-123.0578534802915,ChIJWRS9kbVGlVQRjAJ9THjYOSU
43.622191,-123.557884,43.6235276802915,-123.5565912197085,43.6208297197085,-123.5592891802915,ChIJPX_6LlZWwVQR6nWbJUrvLyE
44.0567226,-123.1067273,44.0579882302915,-123.1053310697085,44.0552902697085,-123.1080290302915,ChIJt8DdfXQewVQR94-C_hfZn74
45.258571,-123.0746667,45.25991678029149,-123.0733643697085,45.25721881970849,-123.0760623302915,ChIJWfNtLMRGlVQREgMLERWywFQ
45.2704073,-123.0685637,45.27183893029149,-123.0672767697085,45.26914096970849,-123.0699747302915,ChIJ1UIxLCtBlVQRsGp3EEosvaE
45.13447959999999,-123.2060904,45.1358191802915,-123.2046988197085,45.1331212197085,-123.2073967802915,ChIJIxjf9hnilFQRuuZurkpC2Ek
45.626134,-122.643962,45.6274265802915,-122.6426198197085,45.62472861970851,-122.6453177802915,ChIJb0Mu5lavlVQRi__xTH2y7j8
45.2966315,-122.6275625,45.2979986302915,-122.6262183697085,45.2953006697085,-122.6289163302915,ChIJkZDN3XNwlVQRs2xTRTOSt8E
44.8943016,-123.2700067,44.8956428302915,-123.2688504697085,44.8929448697085,-123.2715484302915,ChIJJ22hwhcDwFQR3NClpGV-siY
44.8891693,-123.2725554,44.8907068802915,-123.2685048,44.8880089197085,-123.2739056,ChIJf51UGMUCwFQRmn-5T0mHSXI
46.0567213,-118.5827991,46.0579459302915,-118.5814510197085,46.0552479697085,-118.5841489802915,ChIJAfwzA2RmolQRAhLXgbm3AlI
45.70906069999999,-121.5136455,45.71031208029149,-121.5122967697085,45.7076141197085,-121.5149947302915,ChIJZQk9KW8OllQRup_P_gKkQHk
44.22381180000001,-123.3734926,44.2251239302915,-123.3722008197085,44.2224259697085,-123.3748987802915,ChIJt9_w_HeqwVQR4Bwon4yX0YM
42.4331703,-123.0917053,42.4344190302915,-123.0903460197085,42.4317210697085,-123.0930439802915,ChIJy1jheQaBxVQRurYc9SOg9dM
45.33031,-122.841703,45.33112498029151,-122.8404266697085,45.32842701970851,-122.8431246302915,ChIJ6ZaKXnJslVQRyqOp9GlI4PE
47.7336332,-122.1474452,47.7349898302915,-122.1460055697085,47.7322918697085,-122.1487035302915,ChIJlZKpYLQNkFQRo7gcCmOWs9U
42.2250726,-123.0494419,42.2263223802915,-123.0461164,42.2236244197085,-123.0505504,ChIJxWBphkKbz1QRvDwZ-jzDVaM
45.7275719,-121.4863845,45.72898113029149,-121.4850061697085,45.72628316970849,-121.4877041302915,ChIJmeb78RIRllQRqJ7O_XVMOYc
45.27729409999999,-123.0346527,45.27874653029149,-123.0332987697085,45.2760485697085,-123.0359967302915,ChIJ9QK5-RlBlVQR0YyVd0Jlv-8
45.0196058,-122.701045,45.0208997802915,-122.6997437197085,45.0182018197085,-122.7024416802915,ChIJ1Tdr_zLhv1QRTWGWVLyzVC0
44.2871218,-123.2967974,44.28847443029149,-123.29468525,44.28577646970849,-123.29750145,ChIJVwz6Uv9UwFQR4DxPw4BLxRY
45.20981,-123.194719,45.21090798029149,-123.1933948697085,45.2082100197085,-123.1960928302915,ChIJGaw4-9xIlVQRmVHvNs-JRhY
42.2414666,-123.0745101,42.2424344802915,-123.0728854,42.2397365197085,-123.0793842,ChIJXxgI__N4z1QR4dFQzk-sZgI
45.9379787,-118.391477,45.9389161302915,-118.3901191197085,45.9362181697085,-118.3928170802915,ChIJsxjaYrVEolQR7lz1cFg37dw
45.098494,-122.742848,45.10127845,-122.7414734197085,45.09756584999999,-122.7441713802915,ChIJiTaWhZJflVQRuXxSzQN4RuY
42.3164848,-123.2352547,42.3178289302915,-123.2335884697085,42.31513096970851,-123.2362864302915,ChIJReK-87yHz1QRz6obfYO1LlI
43.3652349,-123.4703625,43.3664729302915,-123.4689104697085,43.3637749697085,-123.4716084302915,ChIJ4_U2tjAbxFQR0kgfsJUkEZY
45.214049,-123.1878306,45.2153679802915,-123.1865842697085,45.2126700197085,-123.1892822302915,ChIJOY09IMJIlVQRpTPMLDeAF-Y
42.2533405,-122.775692,42.25720045000001,-122.7743483197085,42.25205385,-122.7770462802915,ChIJhRRBclhxz1QRt3T6NCrtfOc
44.98760459999999,-123.0915727,44.9889479802915,-123.0901298697085,44.9862500197085,-123.0928278302915,ChIJBd9R3m5VlVQRJSvShvfhv2A
44.7958568,-123.0618305,44.7972099802915,-123.0605370697085,44.7945120197085,-123.0632350302915,ChIJ47fROEcPwFQRmvkED1tgYu8
45.0687832,-123.1137591,45.0701936302915,-123.1125035697085,45.0674956697085,-123.1152015302915,ChIJl0wRBORTlVQRXFyvd6utsyw
43.4868996,-123.2920418,43.48856028029149,-123.2909393697085,43.4858623197085,-123.2936373302915,ChIJve2F2-CvxlQR71pSCHG3zc8
45.65748989999999,-121.5517117,45.6585784802915,-121.5504033697085,45.6558805197085,-121.5531013302915,ChIJVfoLb8wIllQRQqTPzIkSThg
46.0631528,-118.3564694,46.0646392302915,-118.3547734697085,46.0619412697085,-118.3574714302915,ChIJk8ryMWxqolQRi_2UorK7JbI
45.13447959999999,-123.2060904,45.1358191802915,-123.2046988197085,45.1331212197085,-123.2073967802915,ChIJO1uPS8VNlVQRNmzjlceDf1s
45.53948899999999,-122.6783716,45.5407651302915,-122.6769506697085,45.5380671697085,-122.6796486302915,ChIJt-n5RFqnlVQR5DwhGTve1hk
45.34762389999999,-123.0936571,45.3489524302915,-123.0923680197085,45.3462544697085,-123.0950659802915,ChIJY_YvLqs_lVQRQ1JGKPCC-qA
43.8474309,-123.2501551,43.84878713029149,-123.2486082697085,43.8460891697085,-123.2513062302915,ChIJNdln3D05wVQRP5h-7LTPjaI
45.28578359999999,-123.0047975,45.2871352302915,-123.0032669697085,45.2844372697085,-123.0059649302915,ChIJsfC-ZK9BlVQRdC0UjH76x58
45.2726499,-123.013884,45.2739024802915,-123.0122594197085,45.2712045197085,-123.0149573802915,ChIJQaTQ6gxBlVQRGMITAAYqZ6U
